station,timestamp_utc,solar_radiation_w_m2,rain_mm,wind_speed_kmh,wind_gust_speed_kmh,wind_direction_deg,air_temperature_c,battery_v
tracadie,2025-11-01 03:00:00+00:00,1.0,0.0,17.8,25.043333333333333,160.0,12.250333333333334,4.238
tracadie,2025-11-01 04:00:00+00:00,1.0,0.0,23.59,33.04666666666667,161.0,12.094,4.228416666666667
tracadie,2025-11-01 05:00:00+00:00,1.0,0.0,27.30666666666667,38.3,163.0,11.733,4.21825
tracadie,2025-11-01 06:00:00+00:00,1.0,0.0,31.290000000000003,44.5,190.0,11.21,4.206666666666667
tracadie,2025-11-01 07:00:00+00:00,1.0,0.0,30.529999999999998,43.18,192.0,10.871,4.195666666666667
tracadie,2025-11-01 08:00:00+00:00,1.0,0.0,31.083333333333332,44.019999999999996,185.0,10.705333333333334,4.18725
tracadie,2025-11-01 09:00:00+00:00,1.0,0.0,28.84333333333333,40.86,197.0,9.602,4.183666666666666
tracadie,2025-11-01 10:00:00+00:00,1.0,0.0,25.19333333333333,36.416666666666664,188.0,9.791333333333334,4.179416666666667
tracadie,2025-11-01 11:00:00+00:00,8.666666666666666,0.0,27.14333333333333,37.86,192.0,9.402333333333333,4.21025
tracadie,2025-11-01 12:00:00+00:00,52.53333333333333,0.0,28.756666666666668,41.059999999999995,197.0,9.173,4.3918333333333335
tracadie,2025-11-01 13:00:00+00:00,109.23333333333333,0.0,28.763333333333332,40.82,213.0,8.841666666666667,4.475833333333333
tracadie,2025-11-01 14:00:00+00:00,365.5,0.0,34.13333333333333,50.3,241.0,10.179666666666666,4.477666666666667
tracadie,2025-11-01 15:00:00+00:00,375.06666666666666,0.0,33.416666666666664,49.059999999999995,246.0,10.673,4.47925
tracadie,2025-11-01 16:00:00+00:00,149.23333333333332,0.0,28.276666666666664,40.980000000000004,248.0,10.550666666666666,4.4805
tracadie,2025-11-01 17:00:00+00:00,144.8,0.0,26.34,39.21666666666667,240.0,10.538,4.480916666666666
tracadie,2025-11-01 18:00:00+00:00,65.83333333333333,0.0,27.06,39.38,243.0,10.364,4.4824166666666665
tracadie,2025-11-01 19:00:00+00:00,31.966666666666665,0.0,23.633333333333333,34.29,244.0,10.181999999999999,4.46875
tracadie,2025-11-01 20:00:00+00:00,6.166666666666667,0.0,18.323333333333334,27.63,237.0,10.556666666666667,4.356166666666667
tracadie,2025-11-01 21:00:00+00:00,1.0,0.0,20.763333333333332,29.84,237.0,10.507333333333333,4.296166666666667
tracadie,2025-11-01 22:00:00+00:00,1.0,0.0,21.53666666666667,31.843333333333337,244.0,10.232666666666667,4.280083333333333
tracadie,2025-11-01 23:00:00+00:00,1.0,0.0,28.276666666666664,41.22,240.0,9.483,4.270583333333334
tracadie,2025-11-02 00:00:00+00:00,1.0,0.0,25.27,37.14,234.0,9.076333333333334,4.261083333333333
tracadie,2025-11-02 01:00:00+00:00,1.0,0.0,27.746666666666666,40.25666666666667,248.0,8.494333333333334,4.252666666666666
tracadie,2025-11-02 02:00:00+00:00,1.0,0.0,27.626666666666665,40.45666666666667,246.0,7.902666666666666,4.243083333333334
tracadie,2025-11-02 03:00:00+00:00,1.0,0.0,26.616666666666667,39.66,256.0,7.384,4.232916666666667
tracadie,2025-11-02 04:00:00+00:00,1.0,0.0,27.55,39.580000000000005,260.0,6.716333333333334,4.221583333333333
tracadie,2025-11-02 05:00:00+00:00,1.0,0.0,22.98,34.056666666666665,247.0,6.139666666666667,4.208916666666666
tracadie,2025-11-02 06:00:00+00:00,1.0,0.0,22.293333333333333,31.926666666666666,244.0,5.999333333333333,4.1935
tracadie,2025-11-02 07:00:00+00:00,1.0,0.0,21.526666666666664,31.493333333333332,253.0,6.190666666666667,4.1779166666666665
tracadie,2025-11-02 08:00:00+00:00,1.0,0.0,21.483333333333334,31.45,246.0,6.298333333333333,4.1658333333333335
tracadie,2025-11-02 09:00:00+00:00,1.0,0.0,26.086666666666666,36.13333333333333,253.0,6.509666666666666,4.16525
tracadie,2025-11-02 10:00:00+00:00,1.2333333333333334,0.0,32.18,43.26,284.0,6.824,4.1665833333333335
tracadie,2025-11-02 11:00:00+00:00,20.733333333333334,0.0,28.52,38.26,279.0,6.461,4.29475
tracadie,2025-11-02 12:00:00+00:00,66.73333333333333,0.0,28.113333333333333,36.940000000000005,275.0,7.074333333333333,4.472583333333334
tracadie,2025-11-02 13:00:00+00:00,106.3,0.0,27.96333333333333,36.580000000000005,295.0,7.480333333333333,4.4742500000000005
tracadie,2025-11-02 14:00:00+00:00,140.4,0.0,26.470000000000002,35.34,286.0,7.448666666666667,4.47525
tracadie,2025-11-02 15:00:00+00:00,170.26666666666668,0.0,23.743333333333332,31.686666666666667,284.0,7.501,4.476500000000001
tracadie,2025-11-02 16:00:00+00:00,246.96666666666667,0.0,23.086666666666666,31.176666666666666,285.0,7.689666666666667,4.477250000000001
tracadie,2025-11-02 17:00:00+00:00,228.26666666666668,0.0,22.526666666666664,30.17,278.0,7.938666666666666,4.478166666666667
tracadie,2025-11-02 18:00:00+00:00,287.73333333333335,0.0,18.84,26.5,265.0,8.308666666666666,4.4784999999999995
tracadie,2025-11-02 19:00:00+00:00,160.26666666666668,0.0,15.72,22.46333333333333,260.0,8.506666666666666,4.479833333333334
tracadie,2025-11-02 20:00:00+00:00,32.03333333333333,0.0,7.680000000000001,11.120000000000001,253.0,7.990666666666667,4.468083333333333
tracadie,2025-11-02 21:00:00+00:00,1.1,0.0,6.12,7.48,206.0,6.3853333333333335,4.322166666666667
tracadie,2025-11-02 22:00:00+00:00,1.0,0.0,10.92,16.053333333333335,187.0,6.936333333333334,4.284583333333333
tracadie,2025-11-02 23:00:00+00:00,1.0,0.0,11.6,15.72,246.0,7.302666666666666,4.272
tracadie,2025-11-03 00:00:00+00:00,1.0,0.0,12.0,18.326666666666664,244.0,6.956666666666666,4.263083333333333
tracadie,2025-11-03 01:00:00+00:00,1.0,0.0,13.120000000000001,18.48,248.0,5.960666666666667,4.2547500000000005
tracadie,2025-11-03 02:00:00+00:00,1.0,0.0,13.08,19.16,233.0,5.411666666666666,4.2450833333333335
tracadie,2025-11-03 03:00:00+00:00,1.0,0.0,14.32,20.009999999999998,253.0,5.524333333333333,4.2355833333333335
tracadie,2025-11-03 04:00:00+00:00,1.0,0.0,14.08,19.08,225.0,4.751666666666667,4.226
tracadie,2025-11-03 05:00:00+00:00,1.0,0.0,10.92,14.72,234.0,4.2363333333333335,4.214583333333334
tracadie,2025-11-03 06:00:00+00:00,1.0,0.0,9.639999999999999,12.360000000000001,233.0,3.619333333333333,4.201583333333333
tracadie,2025-11-03 07:00:00+00:00,1.0,0.0,10.56,13.24,236.0,3.234666666666667,4.184583333333333
tracadie,2025-11-03 08:00:00+00:00,1.0,0.0,10.6,13.479999999999999,215.0,3.0856666666666666,4.16875
tracadie,2025-11-03 09:00:00+00:00,1.0,0.0,9.479999999999999,12.04,213.0,3.003333333333333,4.159166666666667
tracadie,2025-11-03 10:00:00+00:00,1.0,0.0,10.520000000000001,13.479999999999999,219.0,4.0,4.15625
tracadie,2025-11-03 11:00:00+00:00,11.7,0.0,7.96,10.96,260.0,4.422333333333333,4.211083333333334
tracadie,2025-11-03 12:00:00+00:00,53.0,0.0,7.680000000000001,10.16,205.0,4.235333333333333,4.4526666666666666
tracadie,2025-11-03 13:00:00+00:00,87.56666666666666,0.0,7.88,11.16,205.0,4.764333333333334,4.4715
tracadie,2025-11-03 14:00:00+00:00,133.16666666666666,0.0,13.16,18.48,251.0,4.946,4.472833333333334
tracadie,2025-11-03 15:00:00+00:00,198.66666666666666,0.0,13.84,19.243333333333332,237.0,5.443,4.47375
tracadie,2025-11-03 16:00:00+00:00,341.76666666666665,0.0,11.32,16.52,215.0,6.048333333333333,4.474833333333334
tracadie,2025-11-03 17:00:00+00:00,402.56666666666666,0.0,12.68,17.92,219.0,6.731,4.475666666666666
tracadie,2025-11-03 18:00:00+00:00,293.23333333333335,0.0,15.8,22.46333333333333,177.0,7.7156666666666665,4.47675
tracadie,2025-11-03 19:00:00+00:00,160.36666666666667,0.0,14.44,19.403333333333332,201.0,8.512333333333334,4.477416666666667
tracadie,2025-11-03 20:00:00+00:00,19.933333333333334,0.0,9.68,13.0,174.0,7.139333333333334,4.43975
tracadie,2025-11-03 21:00:00+00:00,1.0,0.0,9.0,11.4,138.0,5.687666666666667,4.3075
tracadie,2025-11-03 22:00:00+00:00,1.0,0.0,9.32,12.08,128.0,5.409000000000001,4.281083333333333
tracadie,2025-11-03 23:00:00+00:00,1.0,0.0,9.24,13.04,161.0,6.624666666666667,4.267916666666666
tracadie,2025-11-04 00:00:00+00:00,1.0,0.0,11.76,15.44,166.0,7.336333333333333,4.259166666666666
tracadie,2025-11-04 01:00:00+00:00,1.0,0.0,11.92,15.6,156.0,7.382333333333333,4.251333333333333
tracadie,2025-11-04 02:00:00+00:00,1.0,0.0,15.639999999999999,20.363333333333333,159.0,6.802666666666667,4.240166666666666
tracadie,2025-11-04 03:00:00+00:00,1.0,0.4,12.120000000000001,15.72,160.0,6.390666666666666,4.229666666666667
tracadie,2025-11-04 04:00:00+00:00,1.0,0.2,10.88,14.44,154.0,6.410333333333333,4.2171666666666665
tracadie,2025-11-04 05:00:00+00:00,1.0,0.2,9.04,11.96,136.0,6.327666666666667,4.20225
tracadie,2025-11-04 06:00:00+00:00,1.0,1.0,7.64,9.56,138.0,6.171333333333333,4.1875
tracadie,2025-11-04 07:00:00+00:00,1.0,0.6000000000000001,9.8,11.92,111.0,5.918666666666667,4.17375
tracadie,2025-11-04 08:00:00+00:00,1.0,1.0,10.520000000000001,12.32,91.0,5.917666666666666,4.168166666666667
tracadie,2025-11-04 09:00:00+00:00,1.0,1.0,9.479999999999999,11.44,84.0,5.897333333333333,4.1658333333333335
tracadie,2025-11-04 10:00:00+00:00,1.0,0.8,6.6,8.440000000000001,91.0,5.792333333333334,4.164833333333333
tracadie,2025-11-04 11:00:00+00:00,5.566666666666666,1.0,2.2,3.48,59.0,5.631,4.184833333333333
tracadie,2025-11-04 12:00:00+00:00,26.133333333333333,0.4,7.6,10.360000000000001,272.0,5.789666666666666,4.3542499999999995
tracadie,2025-11-04 13:00:00+00:00,32.233333333333334,0.6000000000000001,13.4,17.64,284.0,6.332333333333334,4.455583333333333
tracadie,2025-11-04 14:00:00+00:00,66.3,0.6000000000000001,19.84,24.236666666666668,330.0,6.515333333333333,4.471416666666667
tracadie,2025-11-04 15:00:00+00:00,96.8,0.2,23.146666666666665,28.936666666666667,327.0,6.908333333333333,4.4735000000000005
tracadie,2025-11-04 16:00:00+00:00,75.33333333333333,0.4,29.759999999999998,38.1,296.0,7.099333333333333,4.474583333333333
tracadie,2025-11-04 17:00:00+00:00,74.03333333333333,0.0,30.576666666666664,40.419999999999995,296.0,7.376333333333333,4.47525
tracadie,2025-11-04 18:00:00+00:00,41.56666666666667,0.2,33.36,44.019999999999996,274.0,7.590999999999999,4.469916666666667
tracadie,2025-11-04 19:00:00+00:00,23.5,1.2000000000000002,44.14,56.019999999999996,299.0,7.674,4.441916666666667
tracadie,2025-11-04 20:00:00+00:00,5.8,2.0,43.5,56.22,299.0,7.5233333333333325,4.341666666666667
tracadie,2025-11-04 21:00:00+00:00,1.0,0.4,46.78,61.9,289.0,7.104333333333333,4.287833333333333
tracadie,2025-11-04 22:00:00+00:00,1.0,0.0,47.580000000000005,62.78,278.0,8.080333333333334,4.272583333333333
tracadie,2025-11-04 23:00:00+00:00,1.0,0.0,45.580000000000005,60.580000000000005,282.0,8.188666666666666,4.262166666666666
tracadie,2025-11-05 00:00:00+00:00,1.0,0.0,44.34,58.86,278.0,7.777,4.251
tracadie,2025-11-05 01:00:00+00:00,1.0,0.0,43.5,57.86,274.0,7.721,4.238916666666666
tracadie,2025-11-05 02:00:00+00:00,1.0,0.0,42.82,58.019999999999996,275.0,7.512666666666666,4.225583333333334
tracadie,2025-11-05 03:00:00+00:00,1.0,0.0,41.940000000000005,56.86,272.0,7.397333333333333,4.208083333333334
tracadie,2025-11-05 04:00:00+00:00,1.0,0.0,41.580000000000005,56.26,270.0,7.233666666666666,4.192166666666666
tracadie,2025-11-05 05:00:00+00:00,1.0,0.0,33.21333333333333,46.14,274.0,6.943666666666667,4.178999999999999
tracadie,2025-11-05 06:00:00+00:00,1.0,0.0,29.89,43.419999999999995,257.0,6.574,4.172583333333333
tracadie,2025-11-05 07:00:00+00:00,1.0,0.0,30.616666666666667,42.980000000000004,265.0,6.598,4.169833333333333
tracadie,2025-11-05 08:00:00+00:00,1.0,0.0,27.626666666666665,39.34,264.0,6.180000000000001,4.16875
tracadie,2025-11-05 09:00:00+00:00,1.0,0.0,29.94333333333333,43.059999999999995,257.0,6.623333333333333,4.167916666666667
tracadie,2025-11-05 10:00:00+00:00,1.0,0.0,29.666666666666668,42.26,275.0,6.821,4.169083333333333
tracadie,2025-11-05 11:00:00+00:00,14.866666666666667,0.0,27.346666666666668,40.019999999999996,253.0,6.523,4.257833333333333
tracadie,2025-11-05 12:00:00+00:00,158.5,0.0,25.886666666666667,37.14,256.0,6.668333333333334,4.471166666666667
tracadie,2025-11-05 13:00:00+00:00,351.8333333333333,0.0,33.21666666666667,47.18,267.0,7.172666666666667,4.472666666666667
tracadie,2025-11-05 14:00:00+00:00,444.96666666666664,0.0,32.89,45.74,271.0,7.487333333333334,4.473166666666667
tracadie,2025-11-05 15:00:00+00:00,464.06666666666666,0.0,28.13,39.14,272.0,7.928,4.474333333333333
tracadie,2025-11-05 16:00:00+00:00,461.76666666666665,0.0,25.279999999999998,35.656666666666666,271.0,8.654333333333334,4.475750000000001
tracadie,2025-11-05 17:00:00+00:00,398.8333333333333,0.0,26.62333333333333,37.14,263.0,9.160666666666666,4.477166666666666
tracadie,2025-11-05 18:00:00+00:00,276.1333333333333,0.0,24.436666666666667,34.82,250.0,9.420666666666667,4.477416666666667
tracadie,2025-11-05 19:00:00+00:00,142.03333333333333,0.0,22.696666666666665,31.686666666666667,247.0,9.258999999999999,4.477916666666666
tracadie,2025-11-05 20:00:00+00:00,12.4,0.0,16.08,21.456666666666667,233.0,7.978666666666666,4.443416666666667
tracadie,2025-11-05 21:00:00+00:00,1.0,0.0,10.32,13.68,198.0,6.857333333333333,4.309083333333334
tracadie,2025-11-05 22:00:00+00:00,1.0,0.0,10.84,14.360000000000001,190.0,6.282666666666667,4.284083333333333
tracadie,2025-11-05 23:00:00+00:00,1.0,0.0,10.4,13.520000000000001,177.0,5.942666666666667,4.2709166666666665
tracadie,2025-11-06 00:00:00+00:00,1.0,0.0,10.6,13.68,194.0,5.622333333333333,4.261916666666667
tracadie,2025-11-06 01:00:00+00:00,1.0,0.0,9.76,12.6,199.0,5.403333333333333,4.25125
tracadie,2025-11-06 02:00:00+00:00,1.0,0.0,11.16,15.04,191.0,5.849,4.244166666666667
tracadie,2025-11-06 03:00:00+00:00,1.0,0.0,8.88,11.360000000000001,195.0,5.9030000000000005,4.2370833333333335
tracadie,2025-11-06 04:00:00+00:00,1.0,0.0,11.8,16.48,202.0,6.278333333333333,4.22975
tracadie,2025-11-06 05:00:00+00:00,1.0,0.0,8.08,10.76,194.0,5.047666666666667,4.22075
tracadie,2025-11-06 06:00:00+00:00,1.0,0.0,4.5600000000000005,5.96,150.0,4.426666666666667,4.21075
tracadie,2025-11-06 07:00:00+00:00,1.0,0.0,6.8,8.28,118.0,4.232666666666666,4.1987499999999995
tracadie,2025-11-06 08:00:00+00:00,1.0,0.0,13.120000000000001,15.32,74.0,4.328666666666666,4.186583333333333
tracadie,2025-11-06 09:00:00+00:00,1.0,0.0,16.0,18.720000000000002,58.0,4.270666666666667,4.17525
tracadie,2025-11-06 10:00:00+00:00,1.0,0.4,14.72,17.44,46.0,4.671333333333333,4.167583333333333
tracadie,2025-11-06 11:00:00+00:00,2.9,0.6000000000000001,17.8,21.0,39.0,5.338333333333334,4.17325
tracadie,2025-11-06 12:00:00+00:00,11.033333333333333,1.0,22.1,26.183333333333334,41.0,5.4783333333333335,4.215333333333334
tracadie,2025-11-06 13:00:00+00:00,25.566666666666666,1.0,26.496666666666666,32.06,3.0,5.389333333333334,4.375
tracadie,2025-11-06 14:00:00+00:00,28.7,0.8,27.59,34.419999999999995,351.0,5.243666666666667,4.448166666666666
tracadie,2025-11-06 15:00:00+00:00,41.43333333333333,0.8,33.1,41.86,337.0,5.548333333333333,4.469083333333334
tracadie,2025-11-06 16:00:00+00:00,52.63333333333333,1.2000000000000002,38.419999999999995,48.38,352.0,5.250333333333333,4.470083333333334
tracadie,2025-11-06 17:00:00+00:00,103.26666666666667,0.0,36.980000000000004,45.78,345.0,6.178333333333333,4.473083333333334
tracadie,2025-11-06 18:00:00+00:00,73.7,0.6000000000000001,32.53,40.68,333.0,5.174666666666667,4.4655000000000005
tracadie,2025-11-06 19:00:00+00:00,54.63333333333333,0.0,36.25333333333333,45.980000000000004,309.0,7.072,4.472166666666666
tracadie,2025-11-06 20:00:00+00:00,3.3,1.0,38.78,50.38,293.0,5.468,4.332916666666667
tracadie,2025-11-06 21:00:00+00:00,1.0,0.0,38.46,49.34,305.0,6.040666666666667,4.2825
tracadie,2025-11-06 22:00:00+00:00,1.0,0.0,35.9,47.419999999999995,292.0,6.051,4.266166666666667
tracadie,2025-11-06 23:00:00+00:00,1.0,0.0,41.38,54.1,277.0,6.382666666666666,4.253916666666666
tracadie,2025-11-07 00:00:00+00:00,1.0,0.0,37.419999999999995,49.980000000000004,277.0,6.098666666666667,4.241416666666667
tracadie,2025-11-07 01:00:00+00:00,1.0,0.0,36.38,48.86,272.0,5.963333333333334,4.227250000000001
tracadie,2025-11-07 02:00:00+00:00,1.0,0.0,23.3,34.89666666666667,268.0,4.916666666666667,4.212083333333333
tracadie,2025-11-07 03:00:00+00:00,1.0,0.0,23.34,34.26,253.0,4.53,4.196416666666667
tracadie,2025-11-07 04:00:00+00:00,1.0,0.0,22.65666666666667,32.81666666666667,250.0,4.1979999999999995,4.18175
tracadie,2025-11-07 05:00:00+00:00,1.0,0.0,21.25,31.123333333333335,256.0,3.6993333333333336,4.168916666666667
tracadie,2025-11-07 06:00:00+00:00,1.0,0.0,23.936666666666667,34.62,237.0,3.4606666666666666,4.16175
tracadie,2025-11-07 07:00:00+00:00,1.0,0.0,22.966666666666665,33.17333333333333,241.0,3.054333333333333,4.158416666666667
tracadie,2025-11-07 08:00:00+00:00,1.0,0.0,22.616666666666667,33.693333333333335,251.0,2.7523333333333335,4.156083333333334
tracadie,2025-11-07 09:00:00+00:00,1.0,0.0,22.293333333333333,30.683333333333334,246.0,2.3993333333333333,4.156166666666667
tracadie,2025-11-07 10:00:00+00:00,1.1,0.0,22.45,32.336666666666666,230.0,1.9340000000000002,4.15575
tracadie,2025-11-07 11:00:00+00:00,70.23333333333333,0.0,22.103333333333335,32.45,246.0,1.726,4.403083333333334
tracadie,2025-11-07 12:00:00+00:00,218.0,0.0,28.563333333333333,40.056666666666665,250.0,1.84,4.468083333333333
tracadie,2025-11-07 13:00:00+00:00,350.6666666666667,0.0,28.48,41.1,263.0,2.338,4.468583333333334
tracadie,2025-11-07 14:00:00+00:00,408.46666666666664,0.0,28.89333333333333,40.22,256.0,2.6813333333333333,4.469333333333334
tracadie,2025-11-07 15:00:00+00:00,468.4,0.0,26.86,37.46,256.0,2.9883333333333337,4.470833333333333
tracadie,2025-11-07 16:00:00+00:00,423.0,0.0,25.040000000000003,35.333333333333336,260.0,3.1633333333333336,4.47075
tracadie,2025-11-07 17:00:00+00:00,372.6333333333333,0.0,21.403333333333332,30.483333333333334,253.0,3.6376666666666666,4.471583333333334
tracadie,2025-11-07 18:00:00+00:00,275.5,0.0,19.759999999999998,28.88,248.0,4.149666666666667,4.472333333333334
tracadie,2025-11-07 19:00:00+00:00,130.13333333333333,0.0,20.203333333333333,28.55,233.0,4.355666666666666,4.473666666666667
tracadie,2025-11-07 20:00:00+00:00,16.733333333333334,0.0,11.08,15.72,241.0,3.862,4.43025
tracadie,2025-11-07 21:00:00+00:00,1.0,0.0,6.640000000000001,8.84,225.0,3.1263333333333336,4.301749999999999
tracadie,2025-11-07 22:00:00+00:00,1.0,0.0,5.6,7.319999999999999,178.0,2.5123333333333333,4.2749999999999995
tracadie,2025-11-07 23:00:00+00:00,1.0,0.0,5.239999999999999,6.92,153.0,2.2603333333333335,4.260583333333334
tracadie,2025-11-08 00:00:00+00:00,1.0,0.0,5.84,7.6,164.0,2.518666666666667,4.250333333333333
tracadie,2025-11-08 01:00:00+00:00,1.0,0.0,6.6,8.360000000000001,183.0,2.621,4.241083333333333
tracadie,2025-11-08 02:00:00+00:00,1.0,0.0,3.96,5.2,191.0,2.6713333333333336,4.23125
tracadie,2025-11-08 03:00:00+00:00,1.0,0.0,4.96,6.2,142.0,2.447,4.220583333333333
tracadie,2025-11-08 04:00:00+00:00,1.0,0.0,5.08,6.08,159.0,2.195,4.207999999999999
tracadie,2025-11-08 05:00:00+00:00,1.0,0.0,1.48,2.12,167.0,1.3216666666666665,4.194166666666667
tracadie,2025-11-08 06:00:00+00:00,1.0,0.0,7.08,8.72,167.0,1.817,4.1803333333333335
tracadie,2025-11-08 07:00:00+00:00,1.0,0.0,9.08,11.360000000000001,129.0,2.439,4.167916666666667
tracadie,2025-11-08 08:00:00+00:00,1.0,0.0,8.72,11.120000000000001,118.0,3.3063333333333333,4.16
tracadie,2025-11-08 09:00:00+00:00,1.0,0.0,10.08,12.8,110.0,3.9686666666666666,4.1578333333333335
tracadie,2025-11-08 10:00:00+00:00,1.0,0.0,12.72,16.56,114.0,4.204666666666666,4.158083333333333
tracadie,2025-11-08 11:00:00+00:00,4.133333333333334,0.4,15.68,20.483333333333334,121.0,4.546,4.172916666666667
tracadie,2025-11-08 12:00:00+00:00,17.633333333333333,1.0,20.0,25.686666666666667,115.0,4.876,4.263583333333333
tracadie,2025-11-08 13:00:00+00:00,33.9,0.6000000000000001,16.68,21.40666666666667,117.0,5.595666666666667,4.4591666666666665
tracadie,2025-11-08 14:00:00+00:00,19.566666666666666,1.0,10.56,13.96,114.0,6.530666666666666,4.4065
tracadie,2025-11-08 15:00:00+00:00,60.93333333333333,0.6000000000000001,14.04,18.720000000000002,133.0,8.160333333333334,4.468583333333334
tracadie,2025-11-08 16:00:00+00:00,94.53333333333333,0.0,13.639999999999999,17.92,142.0,9.942666666666666,4.473833333333333
tracadie,2025-11-08 17:00:00+00:00,36.53333333333333,0.0,11.32,15.2,156.0,11.074666666666667,4.457416666666666
tracadie,2025-11-08 18:00:00+00:00,18.6,0.4,9.44,12.72,183.0,11.460666666666667,4.403583333333333
tracadie,2025-11-08 19:00:00+00:00,8.566666666666666,0.0,8.76,11.72,191.0,11.485000000000001,4.341833333333333
tracadie,2025-11-08 20:00:00+00:00,4.433333333333334,0.0,7.52,9.879999999999999,202.0,11.235666666666667,4.302583333333334
tracadie,2025-11-08 21:00:00+00:00,1.0,0.2,7.040000000000001,9.4,220.0,10.835666666666667,4.274
tracadie,2025-11-08 22:00:00+00:00,1.0,0.0,9.92,14.04,225.0,10.617666666666667,4.260666666666666
tracadie,2025-11-08 23:00:00+00:00,1.0,0.0,13.479999999999999,18.36,250.0,10.209333333333332,4.24675
tracadie,2025-11-09 00:00:00+00:00,1.0,0.0,14.120000000000001,19.12,274.0,9.568666666666667,4.231583333333334
tracadie,2025-11-09 01:00:00+00:00,1.0,0.0,15.68,21.373333333333335,265.0,9.191333333333334,4.216916666666667
tracadie,2025-11-09 02:00:00+00:00,1.0,0.0,29.763333333333332,37.18,277.0,8.046,4.203333333333333
tracadie,2025-11-09 03:00:00+00:00,1.0,0.0,28.446666666666665,36.9,298.0,7.277333333333333,4.1905
tracadie,2025-11-09 04:00:00+00:00,1.0,0.0,25.73,33.736666666666665,291.0,6.301666666666667,4.179083333333334
tracadie,2025-11-09 05:00:00+00:00,1.0,0.0,24.8,33.053333333333335,284.0,5.471,4.1706666666666665
tracadie,2025-11-09 06:00:00+00:00,1.0,0.0,21.16,28.803333333333335,275.0,4.797666666666667,4.165166666666667
tracadie,2025-11-09 07:00:00+00:00,1.0,0.0,22.326666666666664,30.37,278.0,4.542333333333334,4.162083333333333
tracadie,2025-11-09 08:00:00+00:00,1.0,0.0,17.959999999999997,24.970000000000002,278.0,4.124,4.160416666666666
tracadie,2025-11-09 09:00:00+00:00,1.0,0.0,10.639999999999999,14.72,247.0,2.6393333333333335,4.157166666666666
tracadie,2025-11-09 10:00:00+00:00,1.0,0.0,9.96,13.96,247.0,2.1963333333333335,4.155916666666667
tracadie,2025-11-09 11:00:00+00:00,17.5,0.0,11.76,15.479999999999999,206.0,1.9056666666666666,4.24075
tracadie,2025-11-09 12:00:00+00:00,95.73333333333333,0.0,12.0,15.76,220.0,2.469666666666667,4.46625
tracadie,2025-11-09 13:00:00+00:00,255.46666666666667,0.0,11.879999999999999,16.68,247.0,3.413,4.4679166666666665
tracadie,2025-11-09 14:00:00+00:00,285.5,0.0,11.68,16.6,256.0,4.498333333333333,4.46925
tracadie,2025-11-09 15:00:00+00:00,291.0,0.0,12.96,18.08,277.0,4.724333333333333,4.470416666666667
tracadie,2025-11-09 16:00:00+00:00,286.2,0.0,10.96,15.84,234.0,4.644333333333334,4.470916666666667
tracadie,2025-11-09 17:00:00+00:00,399.5,0.0,12.04,16.643333333333334,270.0,4.850666666666667,4.4715
tracadie,2025-11-09 18:00:00+00:00,281.76666666666665,0.0,10.76,14.360000000000001,293.0,5.282666666666667,4.471583333333334
tracadie,2025-11-09 19:00:00+00:00,155.46666666666667,0.0,10.479999999999999,14.6,264.0,5.468666666666667,4.471916666666667
tracadie,2025-11-09 20:00:00+00:00,15.233333333333333,0.0,6.239999999999999,8.68,293.0,4.225666666666666,4.43625
tracadie,2025-11-09 21:00:00+00:00,1.0,0.0,3.96,5.5600000000000005,247.0,2.9170000000000003,4.29875
tracadie,2025-11-09 22:00:00+00:00,1.0,0.0,6.680000000000001,8.4,212.0,2.2883333333333336,4.27175
tracadie,2025-11-09 23:00:00+00:00,1.0,0.0,4.680000000000001,6.28,216.0,1.644,4.2585
tracadie,2025-11-10 00:00:00+00:00,1.0,0.0,5.0,6.48,211.0,0.724,4.246416666666667
tracadie,2025-11-10 01:00:00+00:00,1.0,0.0,3.7199999999999998,5.08,180.0,0.2813333333333333,4.237166666666667
tracadie,2025-11-10 02:00:00+00:00,1.0,0.0,2.96,4.28,168.0,0.40700000000000003,4.2275833333333335
tracadie,2025-11-10 03:00:00+00:00,1.0,0.0,6.04,7.5600000000000005,152.0,0.5803333333333334,4.21875
tracadie,2025-11-10 04:00:00+00:00,1.0,0.0,5.8,7.2,163.0,1.4046666666666667,4.210333333333334
tracadie,2025-11-10 05:00:00+00:00,1.0,0.0,5.96,7.2,90.0,2.6416666666666666,4.202166666666667
tracadie,2025-11-10 06:00:00+00:00,1.0,0.0,8.76,10.639999999999999,88.0,3.484666666666667,4.1925
tracadie,2025-11-10 07:00:00+00:00,1.0,0.2,15.520000000000001,17.56,77.0,3.6839999999999997,4.1834999999999996
tracadie,2025-11-10 08:00:00+00:00,1.0,0.0,15.28,17.6,76.0,3.5123333333333333,4.17275
tracadie,2025-11-10 09:00:00+00:00,1.0,0.0,18.759999999999998,21.08,72.0,3.6603333333333334,4.164916666666667
tracadie,2025-11-10 10:00:00+00:00,1.0,0.0,21.68,24.836666666666666,72.0,4.159666666666666,4.159833333333333
tracadie,2025-11-10 11:00:00+00:00,5.833333333333333,0.0,16.64,19.8,79.0,4.990333333333334,4.179916666666666
tracadie,2025-11-10 12:00:00+00:00,18.466666666666665,0.0,17.52,22.456666666666667,88.0,5.824333333333333,4.272333333333333
tracadie,2025-11-10 13:00:00+00:00,26.6,0.0,23.526666666666664,30.573333333333334,95.0,6.06,4.395166666666666
tracadie,2025-11-10 14:00:00+00:00,33.166666666666664,0.0,25.36,32.38,90.0,6.181666666666667,4.437666666666667
tracadie,2025-11-10 15:00:00+00:00,49.266666666666666,0.0,25.526666666666664,32.02,93.0,6.503333333333333,4.456583333333334
tracadie,2025-11-10 16:00:00+00:00,54.0,0.0,25.529999999999998,33.38,98.0,7.171,4.47
tracadie,2025-11-10 17:00:00+00:00,103.56666666666666,0.0,30.733333333333334,41.019999999999996,104.0,7.840999999999999,4.472666666666667
tracadie,2025-11-10 18:00:00+00:00,62.06666666666667,0.0,30.733333333333334,40.78,111.0,8.443,4.468083333333333
tracadie,2025-11-10 19:00:00+00:00,25.6,0.0,30.85666666666667,40.1,108.0,8.895666666666667,4.44
tracadie,2025-11-10 20:00:00+00:00,5.533333333333333,0.0,33.06,42.54,107.0,9.471666666666666,4.336916666666666
tracadie,2025-11-10 21:00:00+00:00,1.0,0.0,33.26,42.7,111.0,10.092333333333332,4.286083333333333
tracadie,2025-11-10 22:00:00+00:00,1.0,0.0,31.82,40.62,108.0,10.300999999999998,4.270666666666666
tracadie,2025-11-10 23:00:00+00:00,1.0,0.0,32.3,40.26,105.0,10.527666666666667,4.262666666666667
tracadie,2025-11-11 00:00:00+00:00,1.0,0.2,28.603333333333335,36.14,104.0,10.715666666666667,4.252416666666666
tracadie,2025-11-11 01:00:00+00:00,1.0,0.0,29.653333333333332,36.82,100.0,11.225333333333333,4.242333333333334
tracadie,2025-11-11 02:00:00+00:00,1.0,0.2,24.793333333333333,31.323333333333334,97.0,11.574333333333334,4.2325
tracadie,2025-11-11 03:00:00+00:00,1.0,0.0,22.2,28.240000000000002,102.0,12.491333333333333,4.2215
tracadie,2025-11-11 04:00:00+00:00,1.0,0.0,23.69,30.333333333333332,104.0,14.014666666666667,4.212416666666667
tracadie,2025-11-11 05:00:00+00:00,1.0,0.0,23.209999999999997,30.493333333333332,105.0,15.397333333333334,4.20525
tracadie,2025-11-11 06:00:00+00:00,1.0,0.0,26.613333333333333,34.9,111.0,15.949,4.199166666666667
tracadie,2025-11-11 07:00:00+00:00,1.0,0.0,29.573333333333334,37.9,117.0,16.077666666666666,4.194833333333333
tracadie,2025-11-11 08:00:00+00:00,1.0,0.0,23.533333333333335,31.533333333333335,126.0,16.144333333333332,4.192083333333334
tracadie,2025-11-11 09:00:00+00:00,1.0,0.0,27.029999999999998,36.18,125.0,16.403333333333332,4.190083333333333
tracadie,2025-11-11 10:00:00+00:00,1.0,0.0,22.81,30.776666666666664,132.0,16.477,4.18925
tracadie,2025-11-11 11:00:00+00:00,5.966666666666667,0.0,20.44,26.513333333333332,133.0,16.079,4.2019166666666665
tracadie,2025-11-11 12:00:00+00:00,30.166666666666668,0.0,19.4,26.583333333333332,143.0,16.074666666666666,4.332583333333333
tracadie,2025-11-11 13:00:00+00:00,48.8,0.0,21.043333333333333,28.636666666666667,150.0,15.859666666666667,4.427416666666667
tracadie,2025-11-11 14:00:00+00:00,73.73333333333333,0.0,22.75,31.073333333333334,166.0,15.243666666666666,4.47025
tracadie,2025-11-11 15:00:00+00:00,114.03333333333333,0.0,19.60666666666667,27.34,173.0,14.109333333333332,4.476166666666667
tracadie,2025-11-11 16:00:00+00:00,126.1,0.0,18.040000000000003,25.09,206.0,12.802,4.477
tracadie,2025-11-11 17:00:00+00:00,90.2,0.0,14.28,19.173333333333336,215.0,12.128666666666668,4.4777499999999995
tracadie,2025-11-11 18:00:00+00:00,124.1,0.0,10.879999999999999,14.96,159.0,12.306000000000001,4.47825
tracadie,2025-11-11 19:00:00+00:00,96.3,0.0,7.840000000000001,10.6,154.0,12.135666666666667,4.47625
tracadie,2025-11-11 20:00:00+00:00,10.833333333333334,0.0,7.28,9.56,251.0,10.977666666666666,4.3605
tracadie,2025-11-11 21:00:00+00:00,1.0,0.0,14.6,19.17,175.0,9.426666666666668,4.291916666666666
tracadie,2025-11-11 22:00:00+00:00,1.0,0.0,15.08,20.48,222.0,8.225333333333333,4.274916666666667
tracadie,2025-11-11 23:00:00+00:00,1.0,0.0,17.77,24.433333333333334,192.0,7.790666666666667,4.264583333333333
tracadie,2025-11-12 00:00:00+00:00,1.0,0.0,23.403333333333332,32.876666666666665,230.0,6.636,4.25575
tracadie,2025-11-12 01:00:00+00:00,1.0,0.8,13.360000000000001,18.403333333333332,240.0,5.039,4.24775
tracadie,2025-11-12 02:00:00+00:00,1.0,0.4,16.16,22.543333333333333,188.0,4.843666666666667,4.240166666666666
tracadie,2025-11-12 03:00:00+00:00,1.0,0.4,23.303333333333335,32.21,191.0,4.592333333333333,4.234583333333333
tracadie,2025-11-12 04:00:00+00:00,1.0,0.4,20.163333333333334,28.026666666666664,206.0,3.9606666666666666,4.228750000000001
tracadie,2025-11-12 05:00:00+00:00,1.0,0.0,15.96,21.776666666666664,201.0,3.8613333333333335,4.222583333333334
tracadie,2025-11-12 06:00:00+00:00,1.0,0.2,17.883333333333333,24.346666666666668,208.0,3.4636666666666667,4.217083333333334
tracadie,2025-11-12 07:00:00+00:00,1.0,0.0,26.58,35.97666666666667,204.0,2.6686666666666667,4.211333333333333
tracadie,2025-11-12 08:00:00+00:00,1.0,0.0,21.89333333333333,29.240000000000002,211.0,1.9033333333333333,4.204666666666667
tracadie,2025-11-12 09:00:00+00:00,1.0,0.2,23.85666666666667,32.93666666666667,213.0,0.6553333333333333,4.19775
tracadie,2025-11-12 10:00:00+00:00,1.0,0.0,23.06,32.49666666666666,218.0,0.6633333333333333,4.19
tracadie,2025-11-12 11:00:00+00:00,4.733333333333333,0.0,22.94,31.88,241.0,0.865,4.198833333333333
tracadie,2025-11-12 12:00:00+00:00,36.86666666666667,0.0,28.07,38.38,215.0,0.7636666666666667,4.380999999999999
tracadie,2025-11-12 13:00:00+00:00,62.0,0.0,25.689999999999998,36.1,222.0,1.0826666666666669,4.465416666666667
tracadie,2025-11-12 14:00:00+00:00,57.13333333333333,0.0,26.41,37.016666666666666,229.0,1.657,4.467833333333334
tracadie,2025-11-12 15:00:00+00:00,64.5,0.0,22.046666666666667,30.32,230.0,2.007,4.46875
tracadie,2025-11-12 16:00:00+00:00,160.83333333333334,0.0,23.466666666666665,31.490000000000002,222.0,2.716666666666667,4.4695
tracadie,2025-11-12 17:00:00+00:00,251.2,0.0,26.18,36.17666666666666,202.0,4.101333333333333,4.471666666666667
tracadie,2025-11-12 18:00:00+00:00,242.83333333333334,0.0,28.956666666666667,40.46,201.0,5.226,4.472666666666667
tracadie,2025-11-12 19:00:00+00:00,128.13333333333333,0.0,27.413333333333334,38.580000000000005,202.0,5.669333333333333,4.47375
tracadie,2025-11-12 20:00:00+00:00,13.4,0.0,24.11,32.846666666666664,199.0,5.2540000000000004,4.4303333333333335
tracadie,2025-11-12 21:00:00+00:00,1.0,0.0,18.64,25.603333333333335,192.0,4.873,4.297166666666667
tracadie,2025-11-12 22:00:00+00:00,1.0,0.0,19.32,26.046666666666667,192.0,4.8100000000000005,4.272916666666666
tracadie,2025-11-12 23:00:00+00:00,1.0,0.0,14.16,18.959999999999997,197.0,4.5233333333333325,4.260583333333333
tracadie,2025-11-13 00:00:00+00:00,1.0,0.0,11.08,14.92,194.0,4.074,4.249083333333333
tracadie,2025-11-13 01:00:00+00:00,1.0,0.0,9.72,12.68,175.0,3.6540000000000004,4.238583333333334
tracadie,2025-11-13 02:00:00+00:00,1.0,0.0,7.12,8.68,168.0,2.808666666666667,4.226666666666667
tracadie,2025-11-13 03:00:00+00:00,1.0,0.0,6.040000000000001,7.319999999999999,164.0,1.7273333333333334,4.214416666666667
tracadie,2025-11-13 04:00:00+00:00,1.0,0.0,4.6,5.52,166.0,1.6603333333333334,4.201
tracadie,2025-11-13 05:00:00+00:00,1.0,0.0,0.24000000000000002,0.88,152.0,1.483,4.19025
tracadie,2025-11-13 06:00:00+00:00,1.0,0.0,2.48,3.64,152.0,0.933,4.1810833333333335
tracadie,2025-11-13 07:00:00+00:00,1.0,0.0,0.32,1.2,161.0,1.2363333333333335,4.174333333333333
tracadie,2025-11-13 08:00:00+00:00,1.0,0.0,0.88,1.8,129.0,1.2663333333333333,4.170416666666667
tracadie,2025-11-13 09:00:00+00:00,1.0,0.0,0.56,1.2,129.0,0.77,4.1650833333333335
tracadie,2025-11-13 10:00:00+00:00,1.0,0.0,0.92,1.3599999999999999,129.0,1.3626666666666667,4.160166666666666
tracadie,2025-11-13 11:00:00+00:00,10.0,0.0,0.76,1.4,129.0,1.5910000000000002,4.19275
tracadie,2025-11-13 12:00:00+00:00,41.4,0.0,1.04,1.8,211.0,2.7046666666666668,4.402666666666667
tracadie,2025-11-13 13:00:00+00:00,84.36666666666666,0.0,3.08,4.0,83.0,4.310666666666666,4.467
tracadie,2025-11-13 14:00:00+00:00,114.93333333333334,0.0,4.28,5.760000000000001,88.0,5.122,4.469
tracadie,2025-11-13 15:00:00+00:00,82.83333333333333,0.0,10.56,12.76,59.0,5.674333333333333,4.47025
tracadie,2025-11-13 16:00:00+00:00,61.06666666666667,0.4,5.88,7.72,41.0,5.395333333333334,4.4705
tracadie,2025-11-13 17:00:00+00:00,49.1,1.2000000000000002,15.4,18.66,17.0,5.3053333333333335,4.471
tracadie,2025-11-13 18:00:00+00:00,35.1,0.8,22.403333333333332,26.65666666666667,22.0,5.520666666666667,4.4625
tracadie,2025-11-13 19:00:00+00:00,15.2,0.8,26.013333333333332,30.82,6.0,5.48,4.395833333333333
tracadie,2025-11-13 20:00:00+00:00,2.6,1.0,27.066666666666666,32.78,7.0,5.561333333333334,4.306
tracadie,2025-11-13 21:00:00+00:00,1.0,1.0,27.153333333333332,33.82,10.0,5.875333333333333,4.274166666666667
tracadie,2025-11-13 22:00:00+00:00,1.0,1.2000000000000002,32.016666666666666,38.7,3.0,6.0040000000000004,4.257416666666667
tracadie,2025-11-13 23:00:00+00:00,1.0,2.0,36.019999999999996,42.78,7.0,5.893666666666666,4.240916666666666
tracadie,2025-11-14 00:00:00+00:00,1.0,1.4000000000000001,39.34,46.7,15.0,5.962,4.224166666666666
tracadie,2025-11-14 01:00:00+00:00,1.0,1.0,41.22,48.66,7.0,6.482333333333333,4.211333333333333
tracadie,2025-11-14 02:00:00+00:00,1.0,1.4000000000000001,40.7,48.46,11.0,6.407666666666667,4.196166666666667
tracadie,2025-11-14 03:00:00+00:00,1.0,1.4000000000000001,40.7,47.5,8.0,6.408666666666666,4.1818333333333335
tracadie,2025-11-14 04:00:00+00:00,1.0,1.0,39.9,47.18,13.0,6.432333333333333,4.17425
tracadie,2025-11-14 05:00:00+00:00,1.0,0.8,39.3,46.419999999999995,6.0,6.5056666666666665,4.171666666666667
tracadie,2025-11-14 06:00:00+00:00,1.0,2.2,40.18,48.019999999999996,4.0,6.330333333333333,4.167916666666667
tracadie,2025-11-14 07:00:00+00:00,1.0,0.0,36.54,44.86,6.0,6.295333333333334,4.168583333333333
tracadie,2025-11-14 08:00:00+00:00,1.0,0.2,34.66,44.38,0.0,6.033666666666666,4.16725
tracadie,2025-11-14 09:00:00+00:00,1.0,0.2,37.82,48.18,354.0,5.675,4.161333333333333
tracadie,2025-11-14 10:00:00+00:00,1.0,0.0,40.5,51.18,345.0,5.166666666666667,4.15675
tracadie,2025-11-14 11:00:00+00:00,4.933333333333334,0.0,37.46,46.7,350.0,4.964333333333333,4.170166666666667
tracadie,2025-11-14 12:00:00+00:00,19.566666666666666,0.0,35.18,45.3,338.0,4.572666666666667,4.2915833333333335
tracadie,2025-11-14 13:00:00+00:00,17.333333333333332,0.0,37.86,47.419999999999995,324.0,4.261666666666667,4.308166666666667
tracadie,2025-11-14 14:00:00+00:00,62.6,0.2,36.78,46.14,316.0,4.275,4.44925
tracadie,2025-11-14 15:00:00+00:00,95.86666666666666,0.0,38.62,47.9,323.0,4.1339999999999995,4.465583333333334
tracadie,2025-11-14 16:00:00+00:00,67.86666666666666,0.4,39.980000000000004,49.3,320.0,3.8796666666666666,4.464166666666666
tracadie,2025-11-14 17:00:00+00:00,85.33333333333333,0.2,38.14,47.34,312.0,3.8113333333333332,4.4664166666666665
tracadie,2025-11-14 18:00:00+00:00,67.93333333333334,0.2,38.78,47.78,314.0,3.731666666666667,4.467416666666667
tracadie,2025-11-14 19:00:00+00:00,33.833333333333336,0.0,40.14,48.940000000000005,314.0,3.7603333333333335,4.445333333333333
tracadie,2025-11-14 20:00:00+00:00,10.933333333333334,0.0,39.980000000000004,48.82,316.0,3.6686666666666667,4.357333333333333
tracadie,2025-11-14 21:00:00+00:00,1.0,0.0,38.7,47.580000000000005,310.0,3.615,4.2764999999999995
tracadie,2025-11-14 22:00:00+00:00,1.0,0.0,39.9,48.580000000000005,314.0,3.523,4.258416666666666
tracadie,2025-11-14 23:00:00+00:00,1.0,0.0,38.019999999999996,46.419999999999995,313.0,3.5776666666666666,4.241583333333334
tracadie,2025-11-15 00:00:00+00:00,1.0,0.0,36.66,45.059999999999995,313.0,3.413,4.228666666666666
tracadie,2025-11-15 01:00:00+00:00,1.0,0.0,35.38,43.86,314.0,3.332,4.2124999999999995
tracadie,2025-11-15 02:00:00+00:00,1.0,0.0,33.1,41.5,310.0,2.779333333333333,4.1970833333333335
tracadie,2025-11-15 03:00:00+00:00,1.0,0.4,29.646666666666665,38.82,313.0,2.4506666666666663,4.183333333333334
tracadie,2025-11-15 04:00:00+00:00,1.0,0.0,29.89333333333333,39.14,292.0,2.4429999999999996,4.168583333333333
tracadie,2025-11-15 05:00:00+00:00,1.0,0.0,31.21333333333333,41.019999999999996,279.0,2.3236666666666665,4.15925
tracadie,2025-11-15 06:00:00+00:00,1.0,0.0,29.25,38.940000000000005,302.0,2.3810000000000002,4.151833333333333
tracadie,2025-11-15 07:00:00+00:00,1.0,0.0,27.39333333333333,36.7,291.0,2.234666666666667,4.151916666666667
tracadie,2025-11-15 08:00:00+00:00,1.0,0.2,17.44333333333333,23.783333333333335,274.0,1.0383333333333333,4.148
tracadie,2025-11-15 09:00:00+00:00,1.0,0.0,16.04,22.69333333333333,234.0,0.16966666666666666,4.146583333333333
tracadie,2025-11-15 10:00:00+00:00,1.0,0.0,18.6,25.45,225.0,-0.35833333333333334,4.1465000000000005
tracadie,2025-11-15 11:00:00+00:00,7.733333333333333,0.0,18.0,24.136666666666667,226.0,-0.319,4.182833333333334
tracadie,2025-11-15 12:00:00+00:00,37.833333333333336,0.0,18.6,24.59,226.0,-0.029666666666666664,4.433666666666666
tracadie,2025-11-15 13:00:00+00:00,69.26666666666667,0.0,18.6,25.043333333333333,229.0,-0.12200000000000001,4.4623333333333335
tracadie,2025-11-15 14:00:00+00:00,118.06666666666666,0.0,20.88,27.8,229.0,-0.17666666666666667,4.462666666666666
tracadie,2025-11-15 15:00:00+00:00,108.96666666666667,0.0,19.12,25.776666666666664,216.0,-0.11933333333333333,4.46275
tracadie,2025-11-15 16:00:00+00:00,105.9,0.0,19.6,25.9,209.0,-0.42900000000000005,4.463666666666667
tracadie,2025-11-15 17:00:00+00:00,68.1,0.0,13.72,19.206666666666667,241.0,-0.5066666666666667,4.46425
tracadie,2025-11-15 18:00:00+00:00,43.63333333333333,0.0,12.08,16.803333333333335,226.0,-0.2366666666666667,4.463
tracadie,2025-11-15 19:00:00+00:00,38.63333333333333,0.0,10.04,13.520000000000001,208.0,0.003999999999999999,4.459666666666666
tracadie,2025-11-15 20:00:00+00:00,8.2,0.0,9.44,12.360000000000001,178.0,0.194,4.35975
tracadie,2025-11-15 21:00:00+00:00,1.0,0.0,11.6,15.479999999999999,181.0,0.30700000000000005,4.277833333333334
tracadie,2025-11-15 22:00:00+00:00,1.0,0.0,8.6,11.04,163.0,0.11033333333333334,4.258
tracadie,2025-11-15 23:00:00+00:00,1.0,0.0,8.6,10.92,157.0,0.23733333333333334,4.245
tracadie,2025-11-16 00:00:00+00:00,1.0,0.0,9.84,12.479999999999999,167.0,-0.026000000000000002,4.23425
tracadie,2025-11-16 01:00:00+00:00,1.0,0.0,8.96,11.44,173.0,-0.5766666666666667,4.2218333333333335
tracadie,2025-11-16 02:00:00+00:00,1.0,0.0,9.24,11.96,180.0,-0.588,4.21025
tracadie,2025-11-16 03:00:00+00:00,1.0,0.0,7.640000000000001,9.879999999999999,184.0,-0.953,4.197166666666667
tracadie,2025-11-16 04:00:00+00:00,1.0,0.0,7.12,8.879999999999999,191.0,-1.2913333333333334,4.18325
tracadie,2025-11-16 05:00:00+00:00,1.0,0.0,6.2,7.840000000000001,149.0,-1.5923333333333334,4.170333333333333
tracadie,2025-11-16 06:00:00+00:00,1.0,0.0,5.0,6.16,174.0,-1.88,4.1575
tracadie,2025-11-16 07:00:00+00:00,1.0,0.0,4.760000000000001,5.96,153.0,-2.072,4.1455
tracadie,2025-11-16 08:00:00+00:00,1.0,0.0,4.08,5.36,154.0,-1.8496666666666668,4.1394166666666665
tracadie,2025-11-16 09:00:00+00:00,1.0,0.0,7.640000000000001,9.72,129.0,-0.8946666666666666,4.137
tracadie,2025-11-16 10:00:00+00:00,1.0,0.0,7.680000000000001,9.6,131.0,-0.7283333333333334,4.138583333333333
tracadie,2025-11-16 11:00:00+00:00,14.866666666666667,0.0,10.080000000000002,12.44,124.0,0.048666666666666664,4.225416666666667
tracadie,2025-11-16 12:00:00+00:00,99.46666666666667,0.0,10.639999999999999,13.04,112.0,1.2833333333333334,4.461333333333333
tracadie,2025-11-16 13:00:00+00:00,124.13333333333334,0.0,13.24,16.279999999999998,107.0,2.2973333333333334,4.462916666666667
tracadie,2025-11-16 14:00:00+00:00,136.5,0.0,16.32,20.279999999999998,90.0,3.129,4.464666666666667
tracadie,2025-11-16 15:00:00+00:00,136.23333333333332,0.0,19.56,23.913333333333334,93.0,4.298,4.466083333333334
tracadie,2025-11-16 16:00:00+00:00,64.33333333333333,0.0,20.12,24.18,93.0,4.7843333333333335,4.46725
tracadie,2025-11-16 17:00:00+00:00,52.53333333333333,0.4,22.08,26.506666666666668,87.0,4.913333333333333,4.46775
tracadie,2025-11-16 18:00:00+00:00,44.4,0.4,29.243333333333332,35.66,77.0,5.581333333333333,4.463916666666667
tracadie,2025-11-16 19:00:00+00:00,16.9,1.8,31.62,38.019999999999996,74.0,5.843666666666667,4.3915
tracadie,2025-11-16 20:00:00+00:00,1.9666666666666666,2.0,34.86,42.46,72.0,6.033666666666666,4.295333333333333
tracadie,2025-11-16 21:00:00+00:00,1.0,1.2000000000000002,32.34,39.38,66.0,5.984,4.271583333333333
tracadie,2025-11-16 22:00:00+00:00,1.0,0.0,30.333333333333332,37.019999999999996,63.0,6.000666666666667,4.2595833333333335
tracadie,2025-11-16 23:00:00+00:00,1.0,0.4,26.136666666666667,30.9,52.0,6.17,4.247
tracadie,2025-11-17 00:00:00+00:00,1.0,0.0,20.4,24.03666666666667,66.0,7.1626666666666665,4.237
tracadie,2025-11-17 01:00:00+00:00,1.0,0.0,18.040000000000003,22.90666666666667,84.0,8.507,4.226666666666667
tracadie,2025-11-17 02:00:00+00:00,1.0,0.2,18.240000000000002,24.470000000000002,124.0,9.045666666666667,4.21775
tracadie,2025-11-17 03:00:00+00:00,1.0,0.0,18.08,24.433333333333334,139.0,8.805,4.2075000000000005
tracadie,2025-11-17 04:00:00+00:00,1.0,0.0,21.040000000000003,28.55666666666667,150.0,8.246,4.197
tracadie,2025-11-17 05:00:00+00:00,1.0,0.0,23.34333333333333,31.776666666666664,147.0,7.674333333333333,4.187
tracadie,2025-11-17 06:00:00+00:00,1.0,0.0,23.626666666666665,32.690000000000005,154.0,6.473333333333333,4.171583333333333
tracadie,2025-11-17 07:00:00+00:00,1.0,0.0,25.80666666666667,36.38,164.0,5.7716666666666665,4.1605
tracadie,2025-11-17 08:00:00+00:00,1.0,0.0,25.726666666666667,35.57666666666667,180.0,5.075666666666667,4.153333333333333
tracadie,2025-11-17 09:00:00+00:00,1.0,0.0,29.233333333333334,40.1,157.0,4.421,4.150666666666667
tracadie,2025-11-17 10:00:00+00:00,1.0,0.0,27.266666666666666,37.3,164.0,3.896,4.147083333333334
tracadie,2025-11-17 11:00:00+00:00,5.366666666666666,0.0,28.6,38.54,163.0,3.5473333333333334,4.15625
tracadie,2025-11-17 12:00:00+00:00,41.4,0.0,27.540000000000003,38.1,154.0,3.3396666666666666,4.378
tracadie,2025-11-17 13:00:00+00:00,62.733333333333334,0.0,28.23,38.9,149.0,3.158,4.458583333333333
tracadie,2025-11-17 14:00:00+00:00,85.0,0.0,25.93,35.78,152.0,2.365666666666667,4.463333333333334
tracadie,2025-11-17 15:00:00+00:00,65.43333333333334,0.4,24.683333333333334,33.81333333333333,156.0,2.15,4.4645
tracadie,2025-11-17 16:00:00+00:00,102.86666666666666,0.4,24.466666666666665,33.57666666666667,163.0,2.6510000000000002,4.465416666666667
tracadie,2025-11-17 17:00:00+00:00,91.9,0.0,24.30666666666667,35.18,174.0,3.0833333333333335,4.4664166666666665
tracadie,2025-11-17 18:00:00+00:00,54.333333333333336,0.2,23.91,32.65,185.0,3.02,4.463583333333333
tracadie,2025-11-17 19:00:00+00:00,40.53333333333333,0.0,22.779999999999998,31.84,184.0,3.2373333333333334,4.451416666666667
tracadie,2025-11-17 20:00:00+00:00,3.6333333333333333,0.2,24.066666666666666,32.53666666666667,191.0,3.2386666666666666,4.320083333333334
tracadie,2025-11-17 21:00:00+00:00,1.0,0.0,21.64,30.05,197.0,3.258666666666667,4.2763333333333335
tracadie,2025-11-17 22:00:00+00:00,1.0,0.4,22.526666666666664,30.38,208.0,3.647666666666667,4.260083333333333
tracadie,2025-11-17 23:00:00+00:00,1.0,0.0,19.8,26.5,218.0,3.681,4.250916666666666
tracadie,2025-11-18 00:00:00+00:00,1.0,0.0,18.959999999999997,25.970000000000002,230.0,3.6603333333333334,4.23975
tracadie,2025-11-18 01:00:00+00:00,1.0,0.2,19.68,27.346666666666668,220.0,3.3916666666666666,4.23075
tracadie,2025-11-18 02:00:00+00:00,1.0,0.0,19.64,27.303333333333335,233.0,3.3280000000000003,4.22075
tracadie,2025-11-18 03:00:00+00:00,1.0,0.0,22.646666666666665,32.053333333333335,234.0,3.302333333333333,4.21075
tracadie,2025-11-18 04:00:00+00:00,1.0,0.0,24.516666666666666,33.18,225.0,3.012,4.199583333333334
tracadie,2025-11-18 05:00:00+00:00,1.0,0.0,21.926666666666666,30.803333333333335,212.0,2.795,4.182833333333334
tracadie,2025-11-18 06:00:00+00:00,1.0,0.0,23.053333333333335,32.21666666666667,209.0,3.055,4.164333333333333
tracadie,2025-11-18 07:00:00+00:00,1.0,0.0,22.686666666666667,30.970000000000002,212.0,3.0506666666666664,4.155666666666667
tracadie,2025-11-18 08:00:00+00:00,1.0,0.0,20.48,27.956666666666667,194.0,2.5949999999999998,4.152416666666666
tracadie,2025-11-18 09:00:00+00:00,1.0,0.0,22.133333333333333,30.123333333333335,205.0,2.4916666666666667,4.152916666666667
tracadie,2025-11-18 10:00:00+00:00,1.0,0.0,23.283333333333335,31.57,191.0,2.3489999999999998,4.151416666666667
tracadie,2025-11-18 11:00:00+00:00,4.866666666666666,0.0,23.176666666666666,32.25666666666667,199.0,2.158,4.165416666666666
tracadie,2025-11-18 12:00:00+00:00,39.63333333333333,0.0,25.040000000000003,34.46,205.0,2.2386666666666666,4.351583333333333
tracadie,2025-11-18 13:00:00+00:00,67.43333333333334,0.0,24.676666666666666,34.21666666666667,197.0,2.4516666666666667,4.460916666666667
tracadie,2025-11-18 14:00:00+00:00,105.7,0.0,24.353333333333335,33.62,195.0,2.6180000000000003,4.46275
tracadie,2025-11-18 15:00:00+00:00,93.26666666666667,0.0,24.723333333333336,34.34,212.0,2.572,4.463
tracadie,2025-11-18 16:00:00+00:00,109.3,0.0,24.44,33.25666666666667,202.0,2.7310000000000003,4.4645
tracadie,2025-11-18 17:00:00+00:00,87.73333333333333,0.0,24.52,32.526666666666664,204.0,2.8916666666666666,4.465833333333333
tracadie,2025-11-18 18:00:00+00:00,63.4,0.0,22.366666666666667,30.69,206.0,3.0313333333333334,4.46625
tracadie,2025-11-18 19:00:00+00:00,38.86666666666667,0.0,19.283333333333335,26.736666666666668,220.0,3.317,4.44625
tracadie,2025-11-18 20:00:00+00:00,4.033333333333333,0.0,22.416666666666668,30.64,205.0,3.499,4.312916666666667
tracadie,2025-11-18 21:00:00+00:00,1.0,0.0,20.759999999999998,28.233333333333334,218.0,2.9709999999999996,4.268833333333333
tracadie,2025-11-18 22:00:00+00:00,1.0,0.0,19.32,26.053333333333335,212.0,3.46,4.2540000000000004
tracadie,2025-11-18 23:00:00+00:00,1.0,0.0,20.163333333333334,28.470000000000002,213.0,3.9459999999999997,4.2435833333333335
tracadie,2025-11-19 00:00:00+00:00,1.0,0.0,20.279999999999998,29.076666666666664,233.0,4.029999999999999,4.234916666666667
tracadie,2025-11-19 01:00:00+00:00,1.0,0.0,18.68,25.563333333333333,232.0,3.965333333333333,4.225833333333333
tracadie,2025-11-19 02:00:00+00:00,1.0,0.0,19.763333333333332,27.663333333333334,219.0,3.591,4.214416666666667
tracadie,2025-11-19 03:00:00+00:00,1.0,0.0,18.959999999999997,25.56,216.0,2.8746666666666667,4.202333333333333
tracadie,2025-11-19 04:00:00+00:00,1.0,0.0,17.2,23.46333333333333,208.0,2.2550000000000003,4.1898333333333335
tracadie,2025-11-19 05:00:00+00:00,1.0,0.0,16.12,21.60666666666667,209.0,1.9733333333333332,4.1775
tracadie,2025-11-19 06:00:00+00:00,1.0,0.0,16.96,22.98,215.0,1.9959999999999998,4.16475
tracadie,2025-11-19 07:00:00+00:00,1.0,0.0,19.52,26.816666666666666,222.0,1.8203333333333334,4.148916666666667
tracadie,2025-11-19 08:00:00+00:00,1.0,0.0,16.36,21.966666666666665,215.0,1.465,4.143833333333333
tracadie,2025-11-19 09:00:00+00:00,1.0,0.0,16.6,22.726666666666667,229.0,1.218,4.141333333333333
tracadie,2025-11-19 10:00:00+00:00,1.0,0.0,16.56,22.09,199.0,0.8243333333333334,4.141
tracadie,2025-11-19 11:00:00+00:00,31.266666666666666,0.0,23.41,30.486666666666668,211.0,1.0473333333333334,4.31175
tracadie,2025-11-19 12:00:00+00:00,161.56666666666666,0.0,22.92,31.176666666666666,215.0,1.667,4.459499999999999
tracadie,2025-11-19 13:00:00+00:00,272.2,0.0,21.32,28.633333333333333,219.0,2.4156666666666666,4.460833333333333
tracadie,2025-11-19 14:00:00+00:00,274.96666666666664,0.0,22.733333333333334,29.80666666666667,206.0,2.6426666666666665,4.4615833333333335
tracadie,2025-11-19 15:00:00+00:00,397.93333333333334,0.0,22.94333333333333,30.276666666666664,205.0,3.5756666666666663,4.463333333333334
tracadie,2025-11-19 16:00:00+00:00,389.8666666666667,0.0,21.043333333333333,28.313333333333333,209.0,4.646,4.464916666666666
tracadie,2025-11-19 17:00:00+00:00,332.1666666666667,0.0,22.253333333333334,30.243333333333332,211.0,5.480333333333333,4.466083333333334
tracadie,2025-11-19 18:00:00+00:00,232.83333333333334,0.0,19.16,25.81,194.0,6.287333333333334,4.4671666666666665
tracadie,2025-11-19 19:00:00+00:00,103.56666666666666,0.0,16.4,21.446666666666665,191.0,6.386666666666667,4.4675
tracadie,2025-11-19 20:00:00+00:00,8.766666666666667,0.0,6.96,9.360000000000001,240.0,4.927666666666667,4.398833333333333
tracadie,2025-11-19 21:00:00+00:00,1.0,0.0,4.36,5.88,215.0,3.242,4.2763333333333335
tracadie,2025-11-19 22:00:00+00:00,1.0,0.0,7.12,9.04,202.0,2.3626666666666667,4.253333333333333
tracadie,2025-11-19 23:00:00+00:00,1.0,0.0,9.4,12.360000000000001,199.0,2.186,4.242416666666666
tracadie,2025-11-20 00:00:00+00:00,1.0,0.0,9.6,12.680000000000001,191.0,1.7996666666666667,4.233833333333333
tracadie,2025-11-20 01:00:00+00:00,1.0,0.0,11.360000000000001,14.84,216.0,2.3356666666666666,4.225416666666667
tracadie,2025-11-20 02:00:00+00:00,1.0,0.0,9.76,12.879999999999999,215.0,1.889,4.212833333333333
tracadie,2025-11-20 03:00:00+00:00,1.0,0.0,9.16,11.479999999999999,198.0,0.9736666666666667,4.199833333333333
tracadie,2025-11-20 04:00:00+00:00,1.0,0.0,9.680000000000001,12.2,188.0,0.8126666666666666,4.18675
tracadie,2025-11-20 05:00:00+00:00,1.0,0.0,8.84,11.120000000000001,198.0,0.29633333333333334,4.175583333333333
tracadie,2025-11-20 06:00:00+00:00,1.0,0.0,8.4,10.72,208.0,0.19533333333333333,4.154916666666667
tracadie,2025-11-20 07:00:00+00:00,1.0,0.0,7.040000000000001,8.76,198.0,-0.38333333333333336,4.141583333333333
tracadie,2025-11-20 08:00:00+00:00,1.0,0.0,8.56,11.0,178.0,-0.561,4.133500000000001
tracadie,2025-11-20 09:00:00+00:00,1.0,0.0,8.72,10.84,199.0,-0.5123333333333334,4.134333333333333
tracadie,2025-11-20 10:00:00+00:00,1.0,0.0,8.680000000000001,11.0,188.0,-0.544,4.131083333333334
tracadie,2025-11-20 11:00:00+00:00,32.06666666666667,0.0,6.08,7.680000000000001,202.0,-0.35433333333333333,4.295333333333334
tracadie,2025-11-20 12:00:00+00:00,163.7,0.0,6.08,7.88,215.0,0.48366666666666663,4.4585
tracadie,2025-11-20 13:00:00+00:00,244.43333333333334,0.0,7.52,10.08,192.0,1.4853333333333334,4.459499999999999
tracadie,2025-11-20 14:00:00+00:00,285.56666666666666,0.0,10.2,14.32,248.0,2.286,4.460249999999999
tracadie,2025-11-20 15:00:00+00:00,197.13333333333333,0.0,9.24,13.28,209.0,2.607666666666667,4.460833333333333
tracadie,2025-11-20 16:00:00+00:00,304.06666666666666,0.0,10.32,14.68,202.0,3.078333333333333,4.462166666666667
tracadie,2025-11-20 17:00:00+00:00,350.6666666666667,0.0,10.520000000000001,14.76,219.0,3.819,4.463333333333334
tracadie,2025-11-20 18:00:00+00:00,232.03333333333333,0.0,8.639999999999999,12.72,218.0,4.471,4.465166666666667
tracadie,2025-11-20 19:00:00+00:00,104.66666666666667,0.0,7.0,10.0,229.0,4.746666666666667,4.465
tracadie,2025-11-20 20:00:00+00:00,8.4,0.0,3.7199999999999998,5.319999999999999,229.0,2.9393333333333334,4.391666666666667
tracadie,2025-11-20 21:00:00+00:00,1.0,0.0,2.04,3.1599999999999997,229.0,0.84,4.2763333333333335
tracadie,2025-11-20 22:00:00+00:00,1.0,0.0,2.7199999999999998,3.56,229.0,-0.03333333333333333,4.257666666666666
tracadie,2025-11-20 23:00:00+00:00,1.0,0.0,4.760000000000001,5.84,229.0,-0.866,4.2425
tracadie,2025-11-21 00:00:00+00:00,1.0,0.0,5.8,7.24,170.0,-1.048,4.232916666666667
tracadie,2025-11-21 01:00:00+00:00,1.0,0.0,7.44,8.8,171.0,-1.5390000000000001,4.223916666666667
tracadie,2025-11-21 02:00:00+00:00,1.0,0.0,4.760000000000001,6.08,177.0,-1.9296666666666666,4.21525
tracadie,2025-11-21 03:00:00+00:00,1.0,0.0,6.239999999999999,7.92,164.0,-2.0756666666666668,4.205416666666667
tracadie,2025-11-21 04:00:00+00:00,1.0,0.0,4.680000000000001,6.12,170.0,-2.577,4.195
tracadie,2025-11-21 05:00:00+00:00,1.0,0.0,1.12,2.04,171.0,-3.0236666666666667,4.180000000000001
tracadie,2025-11-21 06:00:00+00:00,1.0,0.0,2.44,3.56,156.0,-3.3793333333333333,4.165583333333333
tracadie,2025-11-21 07:00:00+00:00,1.0,0.0,1.32,2.2800000000000002,160.0,-3.403,4.151916666666667
tracadie,2025-11-21 08:00:00+00:00,1.0,0.0,2.32,3.52,160.0,-3.638,4.140583333333333
tracadie,2025-11-21 09:00:00+00:00,1.0,0.0,2.68,4.0,160.0,-3.75,4.131083333333334
tracadie,2025-11-21 10:00:00+00:00,1.0,0.0,2.4,3.68,160.0,-3.4443333333333332,4.129833333333333
tracadie,2025-11-21 11:00:00+00:00,29.0,0.0,2.1599999999999997,3.4,160.0,-3.416333333333333,4.253916666666666
tracadie,2025-11-21 12:00:00+00:00,157.0,0.0,1.6,3.04,160.0,-1.6909999999999998,4.456166666666667
tracadie,2025-11-21 13:00:00+00:00,273.3333333333333,0.0,2.44,3.76,160.0,1.3483333333333334,4.458833333333334
tracadie,2025-11-21 14:00:00+00:00,318.53333333333336,0.0,5.36,7.2,128.0,3.207666666666667,4.46
tracadie,2025-11-21 15:00:00+00:00,295.43333333333334,0.0,3.1599999999999997,5.4,142.0,4.918333333333334,4.461916666666666
tracadie,2025-11-21 16:00:00+00:00,381.3,0.0,7.760000000000001,9.92,112.0,4.856333333333334,4.463
tracadie,2025-11-21 17:00:00+00:00,327.8,0.0,6.0,8.04,39.0,4.476333333333333,4.463166666666667
tracadie,2025-11-21 18:00:00+00:00,174.7,0.0,4.72,6.92,125.0,6.805000000000001,4.4655
tracadie,2025-11-21 19:00:00+00:00,56.46666666666667,0.0,4.16,5.760000000000001,167.0,5.135666666666666,4.464916666666666
tracadie,2025-11-21 20:00:00+00:00,6.433333333333334,0.0,4.08,5.48,358.0,4.406666666666666,4.3429166666666665
tracadie,2025-11-21 21:00:00+00:00,1.0,0.0,1.2399999999999998,2.2,220.0,2.7126666666666663,4.2796666666666665
tracadie,2025-11-21 22:00:00+00:00,1.0,0.0,1.96,2.4,229.0,2.3373333333333335,4.26275
tracadie,2025-11-21 23:00:00+00:00,1.0,0.0,5.12,6.28,73.0,2.944,4.252
tracadie,2025-11-22 00:00:00+00:00,1.0,0.0,3.56,4.64,237.0,2.35,4.243666666666667
tracadie,2025-11-22 01:00:00+00:00,1.0,0.0,2.56,4.24,191.0,1.6260000000000001,4.2348333333333334
tracadie,2025-11-22 02:00:00+00:00,1.0,0.0,5.680000000000001,7.239999999999999,166.0,1.782,4.227
tracadie,2025-11-22 03:00:00+00:00,1.0,0.0,6.760000000000001,7.840000000000001,188.0,0.757,4.220083333333333
tracadie,2025-11-22 04:00:00+00:00,1.0,0.0,7.12,8.360000000000001,177.0,0.376,4.2105
tracadie,2025-11-22 05:00:00+00:00,1.0,0.0,8.32,9.96,164.0,0.6083333333333333,4.203166666666667
tracadie,2025-11-22 06:00:00+00:00,1.0,0.0,8.92,11.28,171.0,0.7986666666666667,4.193583333333334
tracadie,2025-11-22 07:00:00+00:00,1.0,0.0,9.96,12.360000000000001,166.0,1.6640000000000001,4.184
tracadie,2025-11-22 08:00:00+00:00,1.0,0.0,10.360000000000001,13.32,167.0,2.49,4.171666666666667
tracadie,2025-11-22 09:00:00+00:00,1.0,0.0,10.4,13.479999999999999,168.0,3.0813333333333333,4.1585833333333335
tracadie,2025-11-22 10:00:00+00:00,1.0,0.0,11.68,15.520000000000001,167.0,3.4876666666666667,4.152666666666667
tracadie,2025-11-22 11:00:00+00:00,6.8,0.0,13.16,17.08,181.0,3.6603333333333334,4.178249999999999
tracadie,2025-11-22 12:00:00+00:00,117.7,0.0,13.04,17.279999999999998,183.0,4.151666666666666,4.42875
tracadie,2025-11-22 13:00:00+00:00,199.43333333333334,0.0,15.68,20.89,198.0,5.344333333333334,4.460166666666667
tracadie,2025-11-22 14:00:00+00:00,295.23333333333335,0.0,18.56,24.759999999999998,202.0,6.034666666666666,4.462416666666667
tracadie,2025-11-22 15:00:00+00:00,125.23333333333333,0.0,17.44,23.226666666666667,206.0,5.873333333333333,4.4635
tracadie,2025-11-22 16:00:00+00:00,169.66666666666666,0.0,15.84,21.009999999999998,209.0,5.675,4.46525
tracadie,2025-11-22 17:00:00+00:00,269.53333333333336,0.0,15.2,20.326666666666664,191.0,6.336,4.466666666666667
tracadie,2025-11-22 18:00:00+00:00,108.13333333333334,0.0,9.08,12.4,215.0,6.599333333333333,4.467666666666667
tracadie,2025-11-22 19:00:00+00:00,33.93333333333333,0.0,7.24,9.96,215.0,6.098,4.405833333333334
tracadie,2025-11-22 20:00:00+00:00,4.6,0.0,3.7199999999999998,5.12,226.0,5.2540000000000004,4.306166666666667
tracadie,2025-11-22 21:00:00+00:00,1.0,0.0,2.56,3.6,227.0,4.443666666666667,4.272166666666666
tracadie,2025-11-22 22:00:00+00:00,1.0,0.0,3.24,4.04,229.0,3.6493333333333333,4.26025
tracadie,2025-11-22 23:00:00+00:00,1.0,0.0,4.0,5.36,192.0,3.5006666666666666,4.250416666666667
tracadie,2025-11-23 00:00:00+00:00,1.0,0.0,6.680000000000001,9.479999999999999,247.0,3.4153333333333333,4.241333333333333
tracadie,2025-11-23 01:00:00+00:00,1.0,0.0,6.72,9.92,253.0,2.572666666666667,4.233583333333334
tracadie,2025-11-23 02:00:00+00:00,1.0,0.0,15.163333333333332,21.003333333333334,244.0,3.3413333333333335,4.224583333333333
tracadie,2025-11-23 03:00:00+00:00,1.0,0.0,19.720000000000002,26.703333333333333,279.0,3.6383333333333336,4.2130833333333335
tracadie,2025-11-23 04:00:00+00:00,1.0,0.0,16.56,22.55,275.0,2.872,4.204416666666667
tracadie,2025-11-23 05:00:00+00:00,1.0,0.0,12.0,17.0,234.0,1.393,4.190666666666666
tracadie,2025-11-23 06:00:00+00:00,1.0,0.0,11.0,15.2,243.0,0.8670000000000001,4.177833333333333
tracadie,2025-11-23 07:00:00+00:00,1.0,0.0,10.120000000000001,13.44,232.0,0.10099999999999999,4.161583333333334
tracadie,2025-11-23 08:00:00+00:00,1.0,0.0,11.24,14.84,230.0,-0.132,4.1495
tracadie,2025-11-23 09:00:00+00:00,1.0,0.0,10.16,13.360000000000001,219.0,-0.44000000000000006,4.1445
tracadie,2025-11-23 10:00:00+00:00,1.0,0.0,12.879999999999999,17.4,229.0,-0.507,4.13925
tracadie,2025-11-23 11:00:00+00:00,24.266666666666666,0.0,11.120000000000001,15.520000000000001,229.0,-0.6503333333333334,4.2796666666666665
tracadie,2025-11-23 12:00:00+00:00,152.96666666666667,0.0,12.56,17.08,233.0,-0.223,4.456333333333333
tracadie,2025-11-23 13:00:00+00:00,272.7,0.0,16.24,23.503333333333334,219.0,0.6753333333333333,4.45825
tracadie,2025-11-23 14:00:00+00:00,342.3333333333333,0.0,17.759999999999998,24.92,253.0,1.233,4.4591666666666665
tracadie,2025-11-23 15:00:00+00:00,310.9,0.0,16.32,23.016666666666666,257.0,1.4909999999999999,4.45975
tracadie,2025-11-23 16:00:00+00:00,320.93333333333334,0.0,14.8,20.686666666666667,264.0,1.8679999999999999,4.4615
tracadie,2025-11-23 17:00:00+00:00,318.53333333333336,0.0,17.36,23.1,216.0,1.8723333333333334,4.4624999999999995
tracadie,2025-11-23 18:00:00+00:00,128.63333333333333,0.0,12.04,16.8,254.0,1.9126666666666667,4.463166666666667
tracadie,2025-11-23 19:00:00+00:00,56.03333333333333,0.0,6.96,9.68,211.0,2.067333333333333,4.461166666666666
tracadie,2025-11-23 20:00:00+00:00,6.6,0.0,4.08,5.36,192.0,1.5046666666666666,4.324
tracadie,2025-11-23 21:00:00+00:00,1.0,0.0,7.319999999999999,9.479999999999999,192.0,1.145,4.27125
tracadie,2025-11-23 22:00:00+00:00,1.0,0.0,6.92,8.879999999999999,215.0,1.1553333333333333,4.255333333333334
tracadie,2025-11-23 23:00:00+00:00,1.0,0.0,7.52,9.76,199.0,0.9526666666666667,4.244666666666666
tracadie,2025-11-24 00:00:00+00:00,1.0,0.0,10.28,13.6,188.0,0.8376666666666667,4.233583333333333
tracadie,2025-11-24 01:00:00+00:00,1.0,0.0,9.6,12.2,205.0,0.5723333333333332,4.226666666666667
tracadie,2025-11-24 02:00:00+00:00,1.0,0.0,8.24,10.44,177.0,0.05733333333333333,4.214583333333334
tracadie,2025-11-24 03:00:00+00:00,1.0,0.0,9.0,11.32,191.0,0.31666666666666665,4.205666666666667
tracadie,2025-11-24 04:00:00+00:00,1.0,0.0,7.96,9.879999999999999,198.0,0.03266666666666666,4.195
tracadie,2025-11-24 05:00:00+00:00,1.0,0.0,8.28,10.24,181.0,-0.5760000000000001,4.182916666666666
tracadie,2025-11-24 06:00:00+00:00,1.0,0.0,8.0,10.120000000000001,192.0,-0.29100000000000004,4.168083333333333
tracadie,2025-11-24 07:00:00+00:00,1.0,0.0,8.12,10.16,201.0,-0.03133333333333334,4.152583333333333
tracadie,2025-11-24 08:00:00+00:00,1.0,0.0,4.64,6.239999999999999,181.0,-0.64,4.143166666666667
tracadie,2025-11-24 09:00:00+00:00,1.0,0.0,7.08,9.0,227.0,0.024666666666666663,4.139083333333333
tracadie,2025-11-24 10:00:00+00:00,1.0,0.0,5.4399999999999995,6.8,171.0,-0.18533333333333335,4.137666666666667
tracadie,2025-11-24 11:00:00+00:00,5.133333333333334,0.0,6.2,7.840000000000001,143.0,-0.33133333333333337,4.1522499999999996
tracadie,2025-11-24 12:00:00+00:00,44.4,0.0,5.6,7.040000000000001,185.0,-0.04466666666666667,4.369416666666667
tracadie,2025-11-24 13:00:00+00:00,96.76666666666667,0.0,5.680000000000001,7.680000000000001,170.0,0.9733333333333333,4.456666666666667
tracadie,2025-11-24 14:00:00+00:00,165.36666666666667,0.0,6.28,8.8,188.0,2.445666666666667,4.459
tracadie,2025-11-24 15:00:00+00:00,214.33333333333334,0.0,7.88,11.2,272.0,3.2763333333333335,4.460249999999999
tracadie,2025-11-24 16:00:00+00:00,221.96666666666667,0.0,7.72,10.520000000000001,279.0,3.779333333333333,4.461083333333334
tracadie,2025-11-24 17:00:00+00:00,324.2,0.0,10.68,14.76,284.0,4.197666666666667,4.462833333333333
tracadie,2025-11-24 18:00:00+00:00,165.06666666666666,0.0,13.120000000000001,17.6,298.0,4.320666666666667,4.4635
tracadie,2025-11-24 19:00:00+00:00,91.9,0.0,9.72,13.08,284.0,4.544666666666667,4.4638333333333335
tracadie,2025-11-24 20:00:00+00:00,6.866666666666666,0.0,4.680000000000001,6.92,265.0,3.0036666666666667,4.383500000000001
tracadie,2025-11-24 21:00:00+00:00,1.0,0.0,7.08,10.0,263.0,2.7183333333333333,4.284583333333333
tracadie,2025-11-24 22:00:00+00:00,1.0,0.0,6.48,8.72,272.0,2.0533333333333332,4.264666666666667
tracadie,2025-11-24 23:00:00+00:00,1.0,0.0,6.72,9.520000000000001,229.0,1.6413333333333333,4.24975
tracadie,2025-11-25 00:00:00+00:00,1.0,0.0,7.88,11.6,247.0,1.9763333333333333,4.241583333333334
tracadie,2025-11-25 01:00:00+00:00,1.0,0.0,13.72,19.163333333333334,256.0,2.6566666666666667,4.23475
tracadie,2025-11-25 02:00:00+00:00,1.0,0.0,12.28,17.0,233.0,1.1159999999999999,4.22825
tracadie,2025-11-25 03:00:00+00:00,1.0,0.0,10.639999999999999,14.319999999999999,246.0,0.3303333333333333,4.221333333333333
tracadie,2025-11-25 04:00:00+00:00,1.0,0.0,11.520000000000001,15.56,230.0,-0.028666666666666667,4.211166666666666
tracadie,2025-11-25 05:00:00+00:00,1.0,0.0,11.44,14.6,211.0,-0.435,4.199916666666667
tracadie,2025-11-25 06:00:00+00:00,1.0,0.0,11.8,15.2,232.0,-0.8733333333333333,4.186083333333333
tracadie,2025-11-25 07:00:00+00:00,1.0,0.0,14.0,17.8,211.0,-1.252,4.173166666666667
tracadie,2025-11-25 08:00:00+00:00,1.0,0.0,10.120000000000001,14.56,213.0,-0.8936666666666666,4.159
tracadie,2025-11-25 09:00:00+00:00,1.0,0.0,8.16,10.76,212.0,-0.8633333333333333,4.145083333333333
tracadie,2025-11-25 10:00:00+00:00,1.0,0.0,6.760000000000001,8.6,209.0,-1.667,4.142416666666667
tracadie,2025-11-25 11:00:00+00:00,18.666666666666668,0.0,9.68,12.879999999999999,174.0,-2.332666666666667,4.259416666666667
tracadie,2025-11-25 12:00:00+00:00,136.13333333333333,0.0,11.68,15.84,173.0,-1.4080000000000001,4.454666666666667
tracadie,2025-11-25 13:00:00+00:00,212.9,0.0,14.479999999999999,20.083333333333332,190.0,0.238,4.457166666666667
tracadie,2025-11-25 14:00:00+00:00,103.6,0.0,18.08,24.96333333333333,188.0,1.843,4.458916666666666
tracadie,2025-11-25 15:00:00+00:00,74.03333333333333,0.0,19.4,27.053333333333335,198.0,2.852333333333333,4.461166666666666
tracadie,2025-11-25 16:00:00+00:00,64.03333333333333,0.0,22.046666666666667,30.970000000000002,201.0,3.7209999999999996,4.4639999999999995
tracadie,2025-11-25 17:00:00+00:00,104.43333333333334,0.0,19.96333333333333,28.066666666666666,205.0,4.660333333333333,4.4645
tracadie,2025-11-25 18:00:00+00:00,63.733333333333334,0.0,17.92,24.596666666666668,226.0,5.114999999999999,4.46425
tracadie,2025-11-25 19:00:00+00:00,27.633333333333333,0.0,16.04,21.766666666666666,213.0,5.046333333333333,4.4085
tracadie,2025-11-25 20:00:00+00:00,4.1,0.0,15.0,19.883333333333333,229.0,4.351333333333333,4.306
tracadie,2025-11-25 21:00:00+00:00,1.0,0.0,11.879999999999999,15.84,213.0,3.7653333333333334,4.266416666666667
tracadie,2025-11-25 22:00:00+00:00,1.0,0.0,10.32,13.639999999999999,216.0,3.4226666666666667,4.25225
tracadie,2025-11-25 23:00:00+00:00,1.0,0.0,10.76,14.16,212.0,3.1,4.242416666666666
tracadie,2025-11-26 00:00:00+00:00,1.0,0.0,7.28,10.0,219.0,2.878,4.23375
tracadie,2025-11-26 01:00:00+00:00,1.0,0.0,6.12,7.88,236.0,2.503333333333333,4.225833333333333
tracadie,2025-11-26 02:00:00+00:00,1.0,0.0,8.76,10.360000000000001,194.0,1.59,4.2175
tracadie,2025-11-26 03:00:00+00:00,1.0,0.0,8.48,10.280000000000001,178.0,1.4903333333333333,4.2045
tracadie,2025-11-26 04:00:00+00:00,1.0,0.0,5.4399999999999995,6.5600000000000005,178.0,1.3106666666666666,4.191583333333333
tracadie,2025-11-26 05:00:00+00:00,1.0,0.0,4.12,5.239999999999999,184.0,1.3996666666666668,4.180416666666667
tracadie,2025-11-26 06:00:00+00:00,1.0,0.0,6.64,7.8,167.0,1.6320000000000001,4.168666666666667
tracadie,2025-11-26 07:00:00+00:00,1.0,0.0,4.96,6.2,150.0,2.1689999999999996,4.154583333333334
tracadie,2025-11-26 08:00:00+00:00,1.0,0.0,6.72,8.44,150.0,2.7496666666666667,4.147666666666667
tracadie,2025-11-26 09:00:00+00:00,1.0,0.0,7.44,9.080000000000002,135.0,3.023,4.1474166666666665
tracadie,2025-11-26 10:00:00+00:00,1.0,0.0,6.2,7.64,131.0,3.834,4.144666666666667
tracadie,2025-11-26 11:00:00+00:00,1.8,0.0,8.04,10.0,135.0,4.603666666666666,4.149166666666667
tracadie,2025-11-26 12:00:00+00:00,10.433333333333334,0.0,9.72,12.32,145.0,5.514333333333334,4.184833333333334
tracadie,2025-11-26 13:00:00+00:00,36.1,0.4,9.24,11.92,143.0,6.039333333333333,4.332916666666667
tracadie,2025-11-26 14:00:00+00:00,58.43333333333333,0.4,8.56,11.16,145.0,6.5056666666666665,4.444999999999999
tracadie,2025-11-26 15:00:00+00:00,54.3,0.2,9.32,12.04,145.0,6.633,4.43575
tracadie,2025-11-26 16:00:00+00:00,43.86666666666667,1.0,8.56,10.56,124.0,6.548666666666667,4.42
tracadie,2025-11-26 17:00:00+00:00,31.6,1.4000000000000001,9.68,10.72,80.0,5.739,4.3933333333333335
tracadie,2025-11-26 18:00:00+00:00,22.766666666666666,1.4000000000000001,12.32,13.719999999999999,62.0,5.699333333333333,4.368916666666666
tracadie,2025-11-26 19:00:00+00:00,8.5,1.8,13.8,15.84,69.0,5.967,4.3035
tracadie,2025-11-26 20:00:00+00:00,1.1,3.8000000000000003,18.279999999999998,20.4,62.0,6.254666666666667,4.257916666666667
tracadie,2025-11-26 21:00:00+00:00,1.0,2.4000000000000004,13.08,15.24,63.0,6.382666666666666,4.238916666666667
tracadie,2025-11-26 22:00:00+00:00,1.0,0.8,18.68,21.173333333333336,31.0,5.923333333333333,4.2235000000000005
tracadie,2025-11-26 23:00:00+00:00,1.0,0.2,23.12,26.90666666666667,35.0,6.075,4.208583333333333
tracadie,2025-11-27 00:00:00+00:00,1.0,0.0,22.08,26.09333333333333,38.0,6.089666666666667,4.1866666666666665
tracadie,2025-11-27 01:00:00+00:00,1.0,0.0,20.759999999999998,24.266666666666666,44.0,5.976,4.17575
tracadie,2025-11-27 02:00:00+00:00,1.0,0.0,16.8,19.6,42.0,5.8790000000000004,4.167
tracadie,2025-11-27 03:00:00+00:00,1.0,0.0,9.16,11.08,49.0,5.849666666666667,4.1593333333333335
tracadie,2025-11-27 04:00:00+00:00,1.0,0.0,12.92,15.0,38.0,5.802666666666666,4.156166666666667
tracadie,2025-11-27 05:00:00+00:00,1.0,0.0,6.04,7.4,51.0,5.568333333333333,4.15025
tracadie,2025-11-27 06:00:00+00:00,1.0,0.0,3.48,4.2,65.0,5.534666666666666,4.1498333333333335
tracadie,2025-11-27 07:00:00+00:00,1.0,0.0,2.68,3.8400000000000003,32.0,5.3966666666666665,4.14875
tracadie,2025-11-27 08:00:00+00:00,1.0,0.0,5.28,6.16,60.0,5.566999999999999,4.147333333333333
tracadie,2025-11-27 09:00:00+00:00,1.0,0.0,6.96,8.16,91.0,6.625333333333333,4.148083333333333
tracadie,2025-11-27 10:00:00+00:00,1.0,0.2,6.72,7.96,66.0,6.3773333333333335,4.148166666666667
tracadie,2025-11-27 11:00:00+00:00,1.0666666666666667,6.6000000000000005,14.360000000000001,16.84,86.0,8.191666666666666,4.148000000000001
tracadie,2025-11-27 12:00:00+00:00,13.833333333333334,1.0,14.16,17.4,100.0,8.179666666666666,4.1855
tracadie,2025-11-27 13:00:00+00:00,39.766666666666666,0.2,17.12,22.09333333333333,108.0,9.300999999999998,4.321916666666667
tracadie,2025-11-27 14:00:00+00:00,112.93333333333334,0.0,21.0,28.566666666666666,146.0,10.732666666666667,4.437833333333333
tracadie,2025-11-27 15:00:00+00:00,142.06666666666666,0.0,20.36,27.303333333333335,167.0,11.927,4.4526666666666666
tracadie,2025-11-27 16:00:00+00:00,58.6,0.0,22.863333333333333,32.05,199.0,11.658999999999999,4.412
tracadie,2025-11-27 17:00:00+00:00,76.96666666666667,0.0,21.046666666666667,30.35,194.0,10.72,4.440166666666666
tracadie,2025-11-27 18:00:00+00:00,160.86666666666667,0.0,18.56,26.116666666666667,233.0,8.820333333333334,4.4623333333333335
tracadie,2025-11-27 19:00:00+00:00,97.3,0.0,22.163333333333334,30.25,250.0,7.694333333333334,4.464583333333334
tracadie,2025-11-27 20:00:00+00:00,6.333333333333333,0.0,16.08,22.06,223.0,6.616,4.377
tracadie,2025-11-27 21:00:00+00:00,1.0,0.0,11.68,16.16,220.0,5.812333333333333,4.285083333333334
tracadie,2025-11-27 22:00:00+00:00,1.0,0.0,13.0,17.959999999999997,208.0,5.080666666666667,4.269333333333333
tracadie,2025-11-27 23:00:00+00:00,1.0,0.0,10.56,14.0,205.0,4.15,4.258583333333333
tracadie,2025-11-28 00:00:00+00:00,1.0,0.0,8.12,10.72,190.0,3.3583333333333334,4.2491666666666665
tracadie,2025-11-28 01:00:00+00:00,1.0,0.0,7.72,10.32,197.0,3.0343333333333335,4.242083333333333
tracadie,2025-11-28 02:00:00+00:00,1.0,0.0,6.48,8.52,173.0,2.4443333333333332,4.23575
tracadie,2025-11-28 03:00:00+00:00,1.0,0.0,6.16,7.36,171.0,1.4703333333333333,4.229500000000001
tracadie,2025-11-28 04:00:00+00:00,1.0,0.0,7.640000000000001,9.08,184.0,1.2453333333333334,4.223333333333334
tracadie,2025-11-28 05:00:00+00:00,1.0,0.0,6.28,7.8,153.0,1.66,4.21925
tracadie,2025-11-28 06:00:00+00:00,1.0,0.0,4.92,6.08,153.0,2.166,4.21575
tracadie,2025-11-28 07:00:00+00:00,1.0,0.0,4.96,6.48,143.0,2.3680000000000003,4.212833333333333
tracadie,2025-11-28 08:00:00+00:00,1.0,0.0,5.92,7.4,138.0,2.7143333333333337,4.2099166666666665
tracadie,2025-11-28 09:00:00+00:00,1.0,0.0,6.4399999999999995,8.16,117.0,2.7186666666666666,4.207416666666667
tracadie,2025-11-28 10:00:00+00:00,1.0,0.0,3.1199999999999997,4.319999999999999,136.0,2.6416666666666666,4.203166666666667
tracadie,2025-11-28 11:00:00+00:00,1.7666666666666666,0.0,6.88,8.6,118.0,2.667333333333333,4.2025
tracadie,2025-11-28 12:00:00+00:00,22.033333333333335,0.0,9.92,13.16,139.0,3.293,4.282583333333333
tracadie,2025-11-28 13:00:00+00:00,42.266666666666666,0.0,12.2,16.4,170.0,4.203,4.413250000000001
tracadie,2025-11-28 14:00:00+00:00,75.6,0.0,11.479999999999999,15.44,167.0,4.7669999999999995,4.462666666666666
tracadie,2025-11-28 15:00:00+00:00,76.86666666666666,0.0,11.08,15.28,177.0,5.035666666666667,4.463916666666667
tracadie,2025-11-28 16:00:00+00:00,59.13333333333333,0.0,11.639999999999999,15.520000000000001,199.0,4.592666666666667,4.457916666666667
tracadie,2025-11-28 17:00:00+00:00,101.2,0.0,9.639999999999999,13.44,201.0,4.536666666666666,4.464916666666666
tracadie,2025-11-28 18:00:00+00:00,83.6,0.0,9.96,13.479999999999999,170.0,5.047333333333333,4.46575
tracadie,2025-11-28 19:00:00+00:00,36.06666666666667,0.0,10.08,13.8,194.0,4.848,4.449666666666666
tracadie,2025-11-28 20:00:00+00:00,4.4,0.0,5.28,7.36,206.0,4.3293333333333335,4.3228333333333335
tracadie,2025-11-28 21:00:00+00:00,1.0,0.0,5.4,7.28,185.0,3.8333333333333335,4.281833333333333
tracadie,2025-11-28 22:00:00+00:00,1.0,0.0,6.92,9.120000000000001,226.0,3.7376666666666667,4.269166666666667
tracadie,2025-11-28 23:00:00+00:00,1.0,0.0,11.28,14.32,170.0,2.6540000000000004,4.25925
tracadie,2025-11-29 00:00:00+00:00,1.0,0.0,10.360000000000001,13.84,174.0,1.74,4.251166666666667
tracadie,2025-11-29 01:00:00+00:00,1.0,0.0,11.72,15.84,177.0,1.956,4.2437499999999995
tracadie,2025-11-29 02:00:00+00:00,1.0,0.0,12.4,16.44,190.0,1.5753333333333333,4.237666666666667
tracadie,2025-11-29 03:00:00+00:00,1.0,0.0,10.479999999999999,14.6,188.0,1.37,4.231333333333334
tracadie,2025-11-29 04:00:00+00:00,1.0,0.0,8.16,10.6,202.0,0.6493333333333333,4.225833333333333
tracadie,2025-11-29 05:00:00+00:00,1.0,0.0,15.52,20.853333333333335,188.0,0.8033333333333333,4.218916666666667
tracadie,2025-11-29 06:00:00+00:00,1.0,0.0,14.479999999999999,19.60666666666667,206.0,0.8306666666666666,4.213583333333333
tracadie,2025-11-29 07:00:00+00:00,1.0,0.0,22.45,30.486666666666668,215.0,0.7683333333333333,4.207916666666667
tracadie,2025-11-29 08:00:00+00:00,1.0,0.0,20.803333333333335,27.509999999999998,213.0,-0.052333333333333336,4.19925
tracadie,2025-11-29 09:00:00+00:00,1.0,0.0,21.163333333333334,27.986666666666668,209.0,-0.24800000000000003,4.194916666666667
tracadie,2025-11-29 10:00:00+00:00,1.0,0.0,20.32,28.916666666666668,219.0,-0.09633333333333334,4.19
tracadie,2025-11-29 11:00:00+00:00,3.566666666666667,0.0,19.759999999999998,28.35,222.0,0.034,4.195583333333333
tracadie,2025-11-29 12:00:00+00:00,121.4,0.0,22.373333333333335,30.573333333333334,223.0,0.15466666666666667,4.435666666666667
tracadie,2025-11-29 13:00:00+00:00,235.66666666666666,0.0,26.873333333333335,37.49666666666667,227.0,0.5559999999999999,4.461333333333333
tracadie,2025-11-29 14:00:00+00:00,339.96666666666664,0.0,29.413333333333334,40.82,229.0,0.857,4.46275
tracadie,2025-11-29 15:00:00+00:00,373.73333333333335,0.0,26.216666666666665,38.419999999999995,229.0,1.399,4.46425
tracadie,2025-11-29 16:00:00+00:00,258.6333333333333,0.0,24.84,35.54,248.0,1.3976666666666666,4.4647499999999996
tracadie,2025-11-29 17:00:00+00:00,231.6,0.0,22.82,32.85666666666667,233.0,1.727,4.465333333333334
tracadie,2025-11-29 18:00:00+00:00,197.33333333333334,0.0,24.153333333333332,33.21333333333333,229.0,2.0676666666666668,4.465833333333333
tracadie,2025-11-29 19:00:00+00:00,87.63333333333334,0.0,22.25,30.243333333333332,218.0,2.0753333333333335,4.463333333333334
tracadie,2025-11-29 20:00:00+00:00,3.1333333333333333,0.0,18.92,27.183333333333334,222.0,1.6546666666666667,4.3237499999999995
tracadie,2025-11-29 21:00:00+00:00,1.0,0.0,18.883333333333333,26.34,232.0,1.6376666666666668,4.281666666666667
tracadie,2025-11-29 22:00:00+00:00,1.0,0.0,13.84,20.64333333333333,233.0,1.486,4.2685
tracadie,2025-11-29 23:00:00+00:00,1.0,0.0,17.36,25.113333333333333,227.0,1.352,4.25925
tracadie,2025-11-30 00:00:00+00:00,1.0,0.0,18.803333333333335,26.283333333333335,229.0,1.2623333333333333,4.251666666666667
tracadie,2025-11-30 01:00:00+00:00,1.0,0.0,22.21333333333333,31.576666666666664,270.0,0.9410000000000001,4.242166666666667
tracadie,2025-11-30 02:00:00+00:00,1.0,0.0,17.64,25.366666666666667,257.0,0.5773333333333334,4.23775
tracadie,2025-11-30 03:00:00+00:00,1.0,0.0,16.92,23.866666666666667,246.0,0.41633333333333333,4.230416666666667
tracadie,2025-11-30 04:00:00+00:00,1.0,0.0,16.76,23.540000000000003,239.0,0.19033333333333333,4.223
tracadie,2025-11-30 05:00:00+00:00,1.0,0.0,12.92,17.68,236.0,0.14266666666666666,4.21525
tracadie,2025-11-30 06:00:00+00:00,1.0,0.0,16.2,22.456666666666667,232.0,0.21066666666666667,4.2082500000000005
tracadie,2025-11-30 07:00:00+00:00,1.0,0.0,20.44333333333333,29.32333333333333,258.0,0.16333333333333336,4.20125
tracadie,2025-11-30 08:00:00+00:00,1.0,0.0,23.89,32.26,278.0,0.4073333333333334,4.194916666666667
tracadie,2025-11-30 09:00:00+00:00,1.0,0.0,20.566666666666666,28.103333333333335,265.0,0.04700000000000001,4.189
tracadie,2025-11-30 10:00:00+00:00,1.0,0.0,16.88,22.613333333333333,272.0,0.12200000000000001,4.184833333333334
tracadie,2025-11-30 11:00:00+00:00,3.8333333333333335,0.0,16.720000000000002,22.743333333333332,279.0,0.36433333333333334,4.200833333333333
tracadie,2025-11-30 12:00:00+00:00,68.86666666666666,0.0,11.04,14.879999999999999,275.0,0.5426666666666667,4.424
tracadie,2025-11-30 13:00:00+00:00,150.5,0.0,8.28,11.479999999999999,313.0,0.8176666666666667,4.461416666666667
tracadie,2025-11-30 14:00:00+00:00,138.0,0.0,5.28,7.88,307.0,0.9386666666666666,4.4632499999999995
tracadie,2025-11-30 15:00:00+00:00,190.7,0.0,3.32,5.48,265.0,1.4513333333333334,4.464416666666667
tracadie,2025-11-30 16:00:00+00:00,179.9,0.0,7.96,11.32,154.0,1.2403333333333333,4.464833333333333
tracadie,2025-11-30 17:00:00+00:00,125.7,0.0,10.479999999999999,13.92,150.0,1.0626666666666666,4.465583333333334
tracadie,2025-11-30 18:00:00+00:00,76.3,0.0,13.879999999999999,18.32,140.0,0.7683333333333333,4.464833333333334
tracadie,2025-11-30 19:00:00+00:00,26.733333333333334,0.0,13.6,17.84,154.0,0.5523333333333333,4.430666666666666
tracadie,2025-11-30 20:00:00+00:00,1.7666666666666666,0.0,10.4,12.96,138.0,0.461,4.304083333333334
tracadie,2025-11-30 21:00:00+00:00,1.0,0.0,10.56,13.68,131.0,0.43366666666666664,4.2755
tracadie,2025-11-30 22:00:00+00:00,1.0,0.0,10.4,13.120000000000001,74.0,0.6073333333333333,4.264083333333333
tracadie,2025-11-30 23:00:00+00:00,1.0,0.0,12.44,15.280000000000001,105.0,0.584,4.255
tracadie,2025-12-01 00:00:00+00:00,1.0,0.0,14.96,19.52,111.0,0.9763333333333333,4.248166666666667
tracadie,2025-12-01 01:00:00+00:00,1.0,0.0,16.279999999999998,20.2,117.0,1.2646666666666666,4.2425
tracadie,2025-12-01 02:00:00+00:00,1.0,0.0,17.16,22.12,107.0,1.597,4.236083333333333
tracadie,2025-12-01 03:00:00+00:00,1.0,0.0,20.323333333333334,26.456666666666667,119.0,1.899,4.230333333333333
